url,appellation,verbaleDating,processedDating,ID
https://www.deckenmalerei.eu/dba922f0-c804-11e9-8a8f-6315b3a88f02,Repräsentationsräume,Juni bis September/Oktober 1751,,dba922f0-c804-11e9-8a8f-6315b3a88f02
https://www.deckenmalerei.eu/2a3ca69d-356c-44df-a002-a2acc735369d,Gästeappartement im 2. Obergeschoss,1685/1690,,2a3ca69d-356c-44df-a002-a2acc735369d
https://www.deckenmalerei.eu/33302821-b735-411a-b6b4-7bf14894cd57,"Gästeappartement im Erdgeschoss, Nordpavillon",1680/1684,,33302821-b735-411a-b6b4-7bf14894cd57
https://www.deckenmalerei.eu/ad063169-58a5-40f6-8b6d-68d726367c14,Appartement Kurfürst Friedrichs III. von Brandenburg,1685/1695,,ad063169-58a5-40f6-8b6d-68d726367c14
https://www.deckenmalerei.eu/c19fd382-876f-4701-b2f9-8f9ec4acd444,"Gästeappartement im Erdgeschoss, Südpavillon",1685/1690,,c19fd382-876f-4701-b2f9-8f9ec4acd444
https://www.deckenmalerei.eu/f05c24b5-0b05-4979-9fb5-282e8e05c13f,Appartement Kurfürstin Sophie Charlottes,1680/1690,,f05c24b5-0b05-4979-9fb5-282e8e05c13f
https://www.deckenmalerei.eu/27c4cdc9-8ca9-4268-8275-b70cf28b7610,Die beiden Nebenzimmer sind noch in Bearbeitung,"1717-1720, 1743-1744",,27c4cdc9-8ca9-4268-8275-b70cf28b7610
https://www.deckenmalerei.eu/da4cbde5-d7d9-4b7e-8571-015baa04416e,Appartement des Fürsten,"1710, 1775",,da4cbde5-d7d9-4b7e-8571-015baa04416e
https://www.deckenmalerei.eu/eb75cf0f-6ace-4137-9bae-b65adf4b2876,Appartement der Fürstin,,,eb75cf0f-6ace-4137-9bae-b65adf4b2876
https://www.deckenmalerei.eu/118718cc-10c9-46e7-9fe4-ef4a32685964,Erschließungsraumfolgen,1598,1598,118718cc-10c9-46e7-9fe4-ef4a32685964
https://www.deckenmalerei.eu/807e2d67-4d33-40bf-baf5-b9c15816f97c,Appartement über der Tafelstube „Schöne Zimmer“,1710-1714,,807e2d67-4d33-40bf-baf5-b9c15816f97c
https://www.deckenmalerei.eu/bfaebc49-e16b-4958-a83e-48390eeebf94,"Appartement über der Kapelle, einstiges „Münchs Gemach“",1600,1600,bfaebc49-e16b-4958-a83e-48390eeebf94
https://www.deckenmalerei.eu/71465426-fd09-4f44-a322-0ca8514ea829,Nördliches Appartement im zweiten Obergeschoss,,,71465426-fd09-4f44-a322-0ca8514ea829
https://www.deckenmalerei.eu/94395fe4-e507-45f2-ab1a-f75c9c542241,Erschließungsraumfolge,,,94395fe4-e507-45f2-ab1a-f75c9c542241
https://www.deckenmalerei.eu/bb27c18f-4ef0-4b15-9b48-011895199a52,Nördliches Appartement im ersten Obergeschoss,1708-1713,,bb27c18f-4ef0-4b15-9b48-011895199a52
https://www.deckenmalerei.eu/d773e550-c1d5-4c51-aa90-1550e7194543,Südliches Appartement im ersten Obergeschoss,1708-1712,,d773e550-c1d5-4c51-aa90-1550e7194543
https://www.deckenmalerei.eu/dac1b1f5-e102-4444-a487-95e42b7a117b,"Südliches Appartement im zweiten Obergeschoss, seit 1711 Appartement Carl Ludwig",ab 1708,,dac1b1f5-e102-4444-a487-95e42b7a117b
https://www.deckenmalerei.eu/8734f6a6-ed58-4ac1-a057-200dfd392ad3,„Gülden Gemach“ Stubenappartement im ersten Obergeschoss,1595-1605,,8734f6a6-ed58-4ac1-a057-200dfd392ad3
https://www.deckenmalerei.eu/bf2f6580-d223-48dc-b545-88598801be8c,„Schwarz und Weiß Gemach“ Stubenappartement im zweiten Obergeschoss,1595-1605,,bf2f6580-d223-48dc-b545-88598801be8c
https://www.deckenmalerei.eu/a85605d0-cafc-11e9-8011-4f35d9d770d6,Landesherrliche Gemächer,1667,1667,a85605d0-cafc-11e9-8011-4f35d9d770d6
https://www.deckenmalerei.eu/dac52f46-db3d-4ef6-b513-e4db8ce3b658,sogenannte Räume des Herzogs,1533-39,,dac52f46-db3d-4ef6-b513-e4db8ce3b658
https://www.deckenmalerei.eu/147be190-c5bb-11e9-b6fd-d99e1ba53a95,Sockelgeschoss,,,147be190-c5bb-11e9-b6fd-d99e1ba53a95
https://www.deckenmalerei.eu/d293f630-c5b7-11e9-b6fd-d99e1ba53a95,Erschließungsraumfolge des Schlosses,1763,1763,d293f630-c5b7-11e9-b6fd-d99e1ba53a95
https://www.deckenmalerei.eu/f6c3cec0-c5b9-11e9-b6fd-d99e1ba53a95,Prunkappartement Herzog Carl Eugens,1763-1769,,f6c3cec0-c5b9-11e9-b6fd-d99e1ba53a95
https://www.deckenmalerei.eu/153d136e-4fac-440a-a52c-61a5b078c0a4,Das zweite Obergeschoss mit stuckierten Kaminen der 12 Monate,1716-1725,,153d136e-4fac-440a-a52c-61a5b078c0a4
https://www.deckenmalerei.eu/2093e09a-956b-4b14-a861-fd74b06c9231,Prunkappartement der Markgräfin,1710-1716,,2093e09a-956b-4b14-a861-fd74b06c9231
https://www.deckenmalerei.eu/5ca095c7-05e2-4267-9a21-e9a0ca607045,Privatappartement der Markgräfin,1710-1716,,5ca095c7-05e2-4267-9a21-e9a0ca607045
https://www.deckenmalerei.eu/9adde0a8-045c-4f26-ac19-5e421417631a,Prunkappartement des Erbprinzen,1710-1716,,9adde0a8-045c-4f26-ac19-5e421417631a
https://www.deckenmalerei.eu/9c771c11-18bf-480d-b565-89dad9ad5efb,Erschließungsraumfolge,,,9c771c11-18bf-480d-b565-89dad9ad5efb
https://www.deckenmalerei.eu/a5ef93d3-60e8-4a0e-99d2-e2aef4a35f72,Privatappartement des Erbprinzen und seiner Gemahlin,1710-1716,,a5ef93d3-60e8-4a0e-99d2-e2aef4a35f72
https://www.deckenmalerei.eu/047e9355-9ae0-40e3-95f9-17c3d758d07f,Die Erschließungsraumfolge,"Datierung:1720-1730, Zerstörung: 1943, Rekonstruktion: um 1960",,047e9355-9ae0-40e3-95f9-17c3d758d07f
https://www.deckenmalerei.eu/0d66e824-3b63-445a-b8cf-021a87b6c736,Malereikabinette,Datierung: 1750-1756,,0d66e824-3b63-445a-b8cf-021a87b6c736
https://www.deckenmalerei.eu/2c587c7c-4de6-4e30-a77c-7619b6db3a70,Kaiserliches Quartier,"Datierung: 1720-1731, Ausbau: ab 1736, Umbau: 1751, Zerstörung: 1943, Rekonstruktion: 1972/73",,2c587c7c-4de6-4e30-a77c-7619b6db3a70
https://www.deckenmalerei.eu/5055761e-816f-4aa5-a7e9-8b71bd0febf0,Die Gesellschaftsräume im Obergeschoss,1714-1730,,5055761e-816f-4aa5-a7e9-8b71bd0febf0
https://www.deckenmalerei.eu/58d1c16e-cb0e-4841-af9c-233e3daf70e3,Tafelzimmer im Erdgeschoss mit Wohnappartements des freiherrlichen Paars,1714-1727,,58d1c16e-cb0e-4841-af9c-233e3daf70e3
https://www.deckenmalerei.eu/9375eabf-0d92-4082-8d8c-aa900df3f578,Erschließungsraumfolge mit Treppenhaus und Korridoren,1714-1727,,9375eabf-0d92-4082-8d8c-aa900df3f578
https://www.deckenmalerei.eu/82f65370-c8c3-11e9-bacf-4d9aa20dadba,Französische Kammern,1715,1715,82f65370-c8c3-11e9-bacf-4d9aa20dadba
https://www.deckenmalerei.eu/1d1e8596-0398-45c9-b9ba-91a5ef310be9,Raumprogramm,um 1760,1760,1d1e8596-0398-45c9-b9ba-91a5ef310be9
https://www.deckenmalerei.eu/0683a49a-d55c-40ef-a89f-f111109ce528,Wohnappartement der Herzogin Susanne Elisabeth von Sachsen-Coburg,,,0683a49a-d55c-40ef-a89f-f111109ce528
https://www.deckenmalerei.eu/82d6aaa0-cea7-43f9-a2c0-bdcb484d9bee,Appartement des Herzogs Albrecht von Sachsen-Coburg,,,82d6aaa0-cea7-43f9-a2c0-bdcb484d9bee
https://www.deckenmalerei.eu/81cd1601-a220-42e1-88d4-e92bf9c65922,Weitere Räume im Obergeschoss,,,81cd1601-a220-42e1-88d4-e92bf9c65922
https://www.deckenmalerei.eu/033acbc6-0752-40fd-83e6-a4eb44165560,Die Gemalten Fürstinnenzimmer,1568-1579,,033acbc6-0752-40fd-83e6-a4eb44165560
https://www.deckenmalerei.eu/ed619f27-7ccd-426a-ac08-e826c59a7641,Die Gemalten Fürstenzimmer,1568-1579,,ed619f27-7ccd-426a-ac08-e826c59a7641
https://www.deckenmalerei.eu/e97fcca9-9ebd-4e55-b2b6-ec9465c26885,Erschließung und innere Aufteilung des Schlosses,1723–1727,,e97fcca9-9ebd-4e55-b2b6-ec9465c26885
https://www.deckenmalerei.eu/67ae3416-f907-4246-836e-59d94bb8e89b,Die Gästezimmer,"1747/48, 1771-75, 1842/43",,67ae3416-f907-4246-836e-59d94bb8e89b
https://www.deckenmalerei.eu/164c3ee1-8264-43a9-afde-40aa5c4f3d2f,Erschließungsraumfolge,1603-1608,,164c3ee1-8264-43a9-afde-40aa5c4f3d2f
https://www.deckenmalerei.eu/9ce6834b-87a8-4f89-af52-d07719b69c95,Das fürstliche Appartement im Südflügel,1722,1722,9ce6834b-87a8-4f89-af52-d07719b69c95
https://www.deckenmalerei.eu/15d2c9b8-0f83-4dc9-b83f-51a5aef1a865,Die ehemaligen Räume im ersten Obergeschoss,,,15d2c9b8-0f83-4dc9-b83f-51a5aef1a865
https://www.deckenmalerei.eu/870653e8-5917-43d9-9617-ad1f671c1b1b,Die ehemaligen Räume im zweiten Obergeschoss,,,870653e8-5917-43d9-9617-ad1f671c1b1b
https://www.deckenmalerei.eu/dc3937c8-ffdf-473e-89bb-e640bc47f9bc,Wohnappartement des Markgrafen,1698-1701,,dc3937c8-ffdf-473e-89bb-e640bc47f9bc
https://www.deckenmalerei.eu/03005d01-06db-4599-9696-33a56d12d19c,Hofseitige Räume der Markgräfin,,,03005d01-06db-4599-9696-33a56d12d19c
https://www.deckenmalerei.eu/34486205-405b-4777-b2e3-9ebee30c79f8,Das Appartement im Erdgeschoss auf der Hofseite linker Hand (Nordseite),1700-1702,,34486205-405b-4777-b2e3-9ebee30c79f8
https://www.deckenmalerei.eu/6e0a82b0-5102-4f40-bbcc-a1bf31f64cdd,Erschließungsraumfolge,1700-1702,,6e0a82b0-5102-4f40-bbcc-a1bf31f64cdd
https://www.deckenmalerei.eu/98560fec-c9fb-453f-879d-ec7f31824552,Das Appartement des Erbprinzen im Erdgeschoss auf der Hofseite rechter Hand,1700-1703,,98560fec-c9fb-453f-879d-ec7f31824552
https://www.deckenmalerei.eu/9a190c71-62e6-4686-bfd1-e81ad79293c2,Das Appartement im Erdgeschoss auf der Gartenseite rechter Hand (Südseite),,,9a190c71-62e6-4686-bfd1-e81ad79293c2
https://www.deckenmalerei.eu/a7601772-11ff-4608-b460-84a7efcd475e,Hofseitige Räume des Markgrafen,1700-1702,,a7601772-11ff-4608-b460-84a7efcd475e
https://www.deckenmalerei.eu/e791a6a9-c75a-4e6c-8449-b71cfd7ff304,Paradeappartement der Markgräfin Sibylla Augusta,1700-1706,,e791a6a9-c75a-4e6c-8449-b71cfd7ff304
https://www.deckenmalerei.eu/ec430580-6132-44d8-b10a-d54624e1b6ff,Paradeappartement des Markgrafen Ludwig Wilhelm,1700-1704,,ec430580-6132-44d8-b10a-d54624e1b6ff
https://www.deckenmalerei.eu/9667977a-3428-4ec6-9c15-c51c13a13165,Festräume,um 1790 - 25. Februar 1944,,9667977a-3428-4ec6-9c15-c51c13a13165
https://www.deckenmalerei.eu/7cef0451-4c94-4173-ad06-61d8814e37bd,Wohnräume,nach 1679,,7cef0451-4c94-4173-ad06-61d8814e37bd
https://www.deckenmalerei.eu/ae8fbccb-9304-46b2-a1e9-4ea2d5e0e74c,Repräsentationsräume,,,ae8fbccb-9304-46b2-a1e9-4ea2d5e0e74c
https://www.deckenmalerei.eu/a30cf3a8-6381-4879-8997-2806f69c454a,Erschließungsraumfolge zum 1. Obergeschoss,,,a30cf3a8-6381-4879-8997-2806f69c454a
https://www.deckenmalerei.eu/67f4d660-c5a7-11e9-b229-6b499a37f581,Staatsgemächer,,,67f4d660-c5a7-11e9-b229-6b499a37f581
https://www.deckenmalerei.eu/12960c6b-ab0b-41df-b3ee-ac09c60d7703,Erste Wohnung König Friedrichs des Großen,1740-1742,,12960c6b-ab0b-41df-b3ee-ac09c60d7703
https://www.deckenmalerei.eu/661b83f3-919c-4010-9753-0104d06ba5e1,Zweite Wohnung König Friedrichs des Großen,ab 1747,,661b83f3-919c-4010-9753-0104d06ba5e1
https://www.deckenmalerei.eu/85736afb-26f8-43c9-9907-5d9876656370,Die Sommerwohnung König Friedrich Wilhelm II.,1788,1788,85736afb-26f8-43c9-9907-5d9876656370
https://www.deckenmalerei.eu/8804961a-ec73-4f14-8a55-2286ee999e93,Winterkammern König Friedrich Wilhelms II.,1796/1797,,8804961a-ec73-4f14-8a55-2286ee999e93
https://www.deckenmalerei.eu/a252742e-5660-45e2-a6f3-f277004c2289,Wohnung Königin Elisabeth Christines,um 1742,1742,a252742e-5660-45e2-a6f3-f277004c2289
https://www.deckenmalerei.eu/73e4b36b-8be6-485e-a17b-99178181abd3,Die Wohnung Luise Dorothea Sophies von Hessen-Kassel,bis 1705,,73e4b36b-8be6-485e-a17b-99178181abd3
https://www.deckenmalerei.eu/751e1083-f7f3-4155-b235-4143182b3f8d,Die Erste Wohnung der Königin Sophie Charlotte,1695-1699,,751e1083-f7f3-4155-b235-4143182b3f8d
https://www.deckenmalerei.eu/7dcef503-d3a3-4d76-aac4-b75c128e544e,Paradezimmer östlich des Ovalen Saals,1710-1713,,7dcef503-d3a3-4d76-aac4-b75c128e544e
https://www.deckenmalerei.eu/b3cfe74e-6062-4ccd-903e-a080ce6d8f01,Mecklenburgische Wohnung,1709-1713,,b3cfe74e-6062-4ccd-903e-a080ce6d8f01
https://www.deckenmalerei.eu/c4a043bc-4313-434c-baad-50dea9589e4c,Die Zweite Wohnung der Königin Sophie Charlotte,1702-1703/1704,,c4a043bc-4313-434c-baad-50dea9589e4c
https://www.deckenmalerei.eu/f9d54690-f2de-4d72-974f-67870142d746,Früheste Wohnung Friedrichs des Großen,ab 1740,,f9d54690-f2de-4d72-974f-67870142d746
https://www.deckenmalerei.eu/ffea5dc7-a4d5-42ba-9583-d0be78907f51,Parade- und Wohnräume König Friedrichs I.,"1702, 1705-1706",,ffea5dc7-a4d5-42ba-9583-d0be78907f51
https://www.deckenmalerei.eu/5dd88614-a5e5-474a-bae2-0c7e7c40ddbb,Die Wohnung Friedrich Wilhelms I.,,,5dd88614-a5e5-474a-bae2-0c7e7c40ddbb
https://www.deckenmalerei.eu/790337c0-e8f6-4a06-a21b-1e8a18f09433,Die Wohnung Friedrichs des Großen im Corps de Logis,,,790337c0-e8f6-4a06-a21b-1e8a18f09433
https://www.deckenmalerei.eu/1959023d-16a3-491b-83ec-453a4b398aa7,Billiard,1731/32,,1959023d-16a3-491b-83ec-453a4b398aa7
https://www.deckenmalerei.eu/67f62d93-91cf-466e-b449-ad946e08e8ad,Schöne Zimmer,"1670/80, 1731-34",,67f62d93-91cf-466e-b449-ad946e08e8ad
https://www.deckenmalerei.eu/45f01242-df2f-470e-b4df-d923a7e779d9,Die Wohnung Friedrichs II.,ab 1745,,45f01242-df2f-470e-b4df-d923a7e779d9
https://www.deckenmalerei.eu/5e5696b2-eba9-44c1-ba20-27e94b2e5378,Die 2. Wohnung der Königin Sophie Dorothea im Schlossplatzflügel,Entstehungszeitraum von 1713 bis 1716,,5e5696b2-eba9-44c1-ba20-27e94b2e5378
https://www.deckenmalerei.eu/bedb8cf9-d64b-4eb1-9c8e-70acf050c111,Die 3. Wohnung der Königin Sophie Dorothea im Lustgartenflügel,Um 1720/23 bis 1891,,bedb8cf9-d64b-4eb1-9c8e-70acf050c111
https://www.deckenmalerei.eu/31076fec-b1c3-484f-bbe0-549fa4058dde,Die Wohnung des Kurfürstenpaares (?) im Haus der Herzogin,um 1650-bis 1680,,31076fec-b1c3-484f-bbe0-549fa4058dde
https://www.deckenmalerei.eu/7ad0551b-7874-428a-8cd4-452c1bdaf3cc,"Appartement der Kurfürstinnen (823-826, 828, 831a und b)",ab dem 17. Jahrhundert,,7ad0551b-7874-428a-8cd4-452c1bdaf3cc
https://www.deckenmalerei.eu/e37c446b-40d5-4b8a-9eb2-4b0a3f568c3e,Die Braunschweigische Galerie (810),,,e37c446b-40d5-4b8a-9eb2-4b0a3f568c3e
https://www.deckenmalerei.eu/efc3c5f2-380b-4f92-b1f1-e1c06daa4c56,"Das ""Losament"" des Großen Kurfürsten - Preußens Weg zur Pracht","Bau 1678 bis 1769, Ausstattung 1681 bis 1683",,efc3c5f2-380b-4f92-b1f1-e1c06daa4c56
https://www.deckenmalerei.eu/3e68b555-6fbb-464b-86d2-00becc1ba9ad,Platzhalter 1,,,3e68b555-6fbb-464b-86d2-00becc1ba9ad
https://www.deckenmalerei.eu/6498991c-7940-4fc5-a7fc-1feaf714be91,Platzhalter 3,,,6498991c-7940-4fc5-a7fc-1feaf714be91
https://www.deckenmalerei.eu/7d7773dc-9be4-4871-b4a8-e33a8264fbe9,Appartement des Kronprinzen Friedrich Wilhelm,1699-1706,,7d7773dc-9be4-4871-b4a8-e33a8264fbe9
https://www.deckenmalerei.eu/90c3f896-353d-46b1-ac82-02049e04a7df,Polnische Kammern im Lustgartenflügel: Die Sommerwohnung Friedrichs III./I.,1698/1699,,90c3f896-353d-46b1-ac82-02049e04a7df
https://www.deckenmalerei.eu/922d17dc-00da-4653-83e4-3f213b8c1628,Das Paradeappartement Friedrichs III./I.,um 1700,1700,922d17dc-00da-4653-83e4-3f213b8c1628
https://www.deckenmalerei.eu/d4096815-5d6e-42d1-92bd-58addd721774,Das Paradeappartement der Königin im Schlossplatzflügel,um 1700,1700,d4096815-5d6e-42d1-92bd-58addd721774
https://www.deckenmalerei.eu/fe731e8f-c494-46f9-90a7-cc09d2caf336,Die Kunstkammern: Zwischen Wissenschaft und Schaulust - die Welt im Kleinen,1700 bis 1708/10,,fe731e8f-c494-46f9-90a7-cc09d2caf336
https://www.deckenmalerei.eu/e0975247-ddf7-4011-94a6-891e5f8f26ae,Das Paradeappartement der Königin Sophie Charlotte im Spreeflügel,ca. 1699 - 1702,,e0975247-ddf7-4011-94a6-891e5f8f26ae
https://www.deckenmalerei.eu/3ecd3874-d48d-4679-942b-e4f6a5db0c38,Doppelte Erschließung des barocken Saals,1527–1533; 1724–1730,,3ecd3874-d48d-4679-942b-e4f6a5db0c38
https://www.deckenmalerei.eu/99d198fd-d5f6-4ff2-8279-e468dcded544,Die Fürstenzimmer,1730–1737,,99d198fd-d5f6-4ff2-8279-e468dcded544
https://www.deckenmalerei.eu/5a5c077b-43b9-4281-9642-ce62c3fdd977,Appartement Herzogin Elisabeth Friederike Sophie im Piano nobile,1746-1764,,5a5c077b-43b9-4281-9642-ce62c3fdd977
https://www.deckenmalerei.eu/9a526c1a-1ff1-4a54-b252-2acfb6c7b174,Erschließungsraumfolge,1746-1764,,9a526c1a-1ff1-4a54-b252-2acfb6c7b174
https://www.deckenmalerei.eu/bee49739-98e0-45eb-b657-56c160aacf67,Gesellschaftsräume im Piano nobile des Corps de logis,1746-1764,,bee49739-98e0-45eb-b657-56c160aacf67
https://www.deckenmalerei.eu/e6a81fa9-2c0b-4ff7-ab3d-c5bd00e282db,Appartement Herzog Carl Eugens im Piano nobile des Corps de logis,1746-1751,,e6a81fa9-2c0b-4ff7-ab3d-c5bd00e282db
https://www.deckenmalerei.eu/6769f268-744e-4cd8-9146-1613f90905d9,Die Repräsentationsräume (201-205),1764-1771,,6769f268-744e-4cd8-9146-1613f90905d9
https://www.deckenmalerei.eu/8e63c112-16a4-4dc6-8971-28d98b61500d,Fürstbischöfliche Wohnräume (206-210),Umbau ab 1764,,8e63c112-16a4-4dc6-8971-28d98b61500d
https://www.deckenmalerei.eu/b1a0cf6f-331a-4a6b-a13e-cadf69daccaa,Die Erschließungsraumfolge,1764-1768,,b1a0cf6f-331a-4a6b-a13e-cadf69daccaa
https://www.deckenmalerei.eu/03a91ca5-8664-4dad-99bf-72c130b2ac15,Erschließungsraumfolge,1698-1700,,03a91ca5-8664-4dad-99bf-72c130b2ac15
https://www.deckenmalerei.eu/9fb53233-ea85-4443-ba2a-b8394e2f9d52,Doppelappartement von Freiherr und Freiin,1698-1700,,9fb53233-ea85-4443-ba2a-b8394e2f9d52
https://www.deckenmalerei.eu/5d5967cf-b7b3-4521-9294-24aeb4708854,Chinesische Kabinette,,,5d5967cf-b7b3-4521-9294-24aeb4708854
https://www.deckenmalerei.eu/3ad59798-975a-4d85-b1ca-2ec6062f5f9c,Die Räume von Schloss Falkenlust,,,3ad59798-975a-4d85-b1ca-2ec6062f5f9c
https://www.deckenmalerei.eu/070aa0c6-3f93-4057-a807-fa3b3f5ba414,Bacchussaal mit Servicekabinett,,,070aa0c6-3f93-4057-a807-fa3b3f5ba414
https://www.deckenmalerei.eu/0ef2fe69-2883-439a-b52d-0c0692619e37,"Appartement der Gräfin Sophie Theresia von Montfort, geb. Prinzessin von Limburg",,,0ef2fe69-2883-439a-b52d-0c0692619e37
https://www.deckenmalerei.eu/2ded2461-58d7-40b8-ba4a-f1fc81f44c5c,Gästeappartement (R.1.21–1.24),,,2ded2461-58d7-40b8-ba4a-f1fc81f44c5c
https://www.deckenmalerei.eu/2ee3f611-eb32-4bdb-8207-8fe70616161e,Erschließungsraumfolge,,,2ee3f611-eb32-4bdb-8207-8fe70616161e
https://www.deckenmalerei.eu/9230dcc4-011e-43c4-ae82-1027d02a6981,Appartement des Grafen von Montfort,,,9230dcc4-011e-43c4-ae82-1027d02a6981
https://www.deckenmalerei.eu/87087cba-dcad-4967-a3f7-6f822c13459e,Das große Appartement,,,87087cba-dcad-4967-a3f7-6f822c13459e
https://www.deckenmalerei.eu/e7395dc0-2f1d-42e9-9cad-b15b439d164b,Raumprogramm und Wegeführung,1705–1715,,e7395dc0-2f1d-42e9-9cad-b15b439d164b
https://www.deckenmalerei.eu/e714d900-5fed-43c3-aab3-ba2dff7434d8,Platzhalter,,,e714d900-5fed-43c3-aab3-ba2dff7434d8
https://www.deckenmalerei.eu/2e67c194-4a43-425b-bd1d-b85dce1b6c31,Hauptappartement im Piano nobile (OG),1537-1542,,2e67c194-4a43-425b-bd1d-b85dce1b6c31
https://www.deckenmalerei.eu/b9367d4c-a673-4d96-8212-d607d5dd7e05,Appartement im südlichen Erdgeschoss,,,b9367d4c-a673-4d96-8212-d607d5dd7e05
https://www.deckenmalerei.eu/bb4d4e44-72d4-4501-b3c1-80f132af4d46,Nebenappartement im Piano nobile,,,bb4d4e44-72d4-4501-b3c1-80f132af4d46
https://www.deckenmalerei.eu/277e580a-ec2a-4f46-9869-3d9967c06ca5,Die Erschließung des einstigen Saals,,,277e580a-ec2a-4f46-9869-3d9967c06ca5
https://www.deckenmalerei.eu/80974c30-c970-11e9-b5ad-295696610c6d,Erschließungsraumfolge,1760-1762,,80974c30-c970-11e9-b5ad-295696610c6d
https://www.deckenmalerei.eu/90c0dc9b-ef90-4ac1-95f2-a0a1daff5197,Das Appartement des Fürsten,1715-1719,,90c0dc9b-ef90-4ac1-95f2-a0a1daff5197
https://www.deckenmalerei.eu/979c0146-ad6a-48f7-b7c6-fd0be3db329f,Die sog. Pfälzischen Zimmer,1715-1719,,979c0146-ad6a-48f7-b7c6-fd0be3db329f
https://www.deckenmalerei.eu/9ba9b671-dafb-4261-84aa-e0808a561388,Das Appartement der Fürstin,"1715-1726, 1741",,9ba9b671-dafb-4261-84aa-e0808a561388
https://www.deckenmalerei.eu/be087827-e2aa-418c-bf97-af682aea9711,Die sog. Kronprinzenzimmer,1721-1722,,be087827-e2aa-418c-bf97-af682aea9711
https://www.deckenmalerei.eu/8dc1314c-9a18-4c7c-854c-00433bd729e3,Die Zellen im Obergeschoss des Westflügels,,,8dc1314c-9a18-4c7c-854c-00433bd729e3
https://www.deckenmalerei.eu/a49f6cf1-062e-4aed-842f-9a3925aa82d5,Die Zellen im Obergeschoss des Südflügels,,,a49f6cf1-062e-4aed-842f-9a3925aa82d5
https://www.deckenmalerei.eu/170b15b1-d19a-4dbe-b405-f8e3b49e18ef,Fürstengemach,1571-1575,,170b15b1-d19a-4dbe-b405-f8e3b49e18ef
https://www.deckenmalerei.eu/55f0195a-9dea-46da-836b-544b77ef0c14,Zweites Obergeschoss mit dem ehemaligen Saal und seinen Vorräumen,1724-1725,,55f0195a-9dea-46da-836b-544b77ef0c14
https://www.deckenmalerei.eu/65c01bd5-eec4-460d-8f00-763eea8c17af,Appartement des Grafen,1724-1725,,65c01bd5-eec4-460d-8f00-763eea8c17af
https://www.deckenmalerei.eu/d5b53949-031b-4a71-bde0-9a747b1d5070,Erschließungsraumfolge,1724-1725,,d5b53949-031b-4a71-bde0-9a747b1d5070
https://www.deckenmalerei.eu/5021a951-d052-42f4-be17-7efd0df6f982,Die Räume im Zengerhof (211-217),,,5021a951-d052-42f4-be17-7efd0df6f982
https://www.deckenmalerei.eu/9426d057-2313-4749-ad9e-87055e73b9f8,Die Repräsentationsräume (208-210),um 1670,1670,9426d057-2313-4749-ad9e-87055e73b9f8
https://www.deckenmalerei.eu/8a2165c3-05ff-44b9-9223-17087ed06099,Die Räume des Fembohauses,"1591-1596, 1674",,8a2165c3-05ff-44b9-9223-17087ed06099
https://www.deckenmalerei.eu/36ed8ef2-b372-478a-b1f0-48faf281cb0d,Das östliche Appartement im Obergeschoss,1718-1720,,36ed8ef2-b372-478a-b1f0-48faf281cb0d
https://www.deckenmalerei.eu/bb4c7f67-4acc-4dde-a995-88d5a4ed0725,Das östliche Appartement im Erdgeschoss,1718-1720,,bb4c7f67-4acc-4dde-a995-88d5a4ed0725
https://www.deckenmalerei.eu/122f5935-ddd7-4f99-a341-d4644da8b432,Raumprogramm in Erd- und Obergeschoss,1711-1712,,122f5935-ddd7-4f99-a341-d4644da8b432
https://www.deckenmalerei.eu/c0560e3d-098e-46e8-b14d-92e7b2e68b0f,Stubenappartement als Rückzugsort,1711-1713,,c0560e3d-098e-46e8-b14d-92e7b2e68b0f
https://www.deckenmalerei.eu/7cc6fac5-fddc-4f0c-90c9-a1827206b58b,Ehemalige Fürsten- oder Kurfürstenzimmer im  Festsaal und Kapelle,,,7cc6fac5-fddc-4f0c-90c9-a1827206b58b
https://www.deckenmalerei.eu/2c24fbee-49ba-4542-bfc7-ac12be35f0b2,Das Appartement der Herzogin,"1681-1685, 1747-1751",,2c24fbee-49ba-4542-bfc7-ac12be35f0b2
https://www.deckenmalerei.eu/43ec9f81-3d26-4da5-b2e9-8da2d070ff3d,Das Appartement des Herzogs,1681-1687,,43ec9f81-3d26-4da5-b2e9-8da2d070ff3d
https://www.deckenmalerei.eu/71ec615f-f404-4f50-99b4-77fb279e69b7,Die Erbprinzengemächer,"1643-1656, 1675-1680, 1710-1720",,71ec615f-f404-4f50-99b4-77fb279e69b7
https://www.deckenmalerei.eu/cc09ad3e-7f35-4b07-b0e4-e1bbf5402003,Appartement der Fürstin,"Räume um 1664-1669, Ausstattung um 1715",,cc09ad3e-7f35-4b07-b0e4-e1bbf5402003
https://www.deckenmalerei.eu/8af50cba-35ce-49ef-9f1d-5be7cfd386ec,Appartement der zukünftigen Gemahlin oder Gast,1730-1737,,8af50cba-35ce-49ef-9f1d-5be7cfd386ec
https://www.deckenmalerei.eu/d8567a4f-51cd-433d-8415-fbae757ee085,Das Appartement von Graf Anton Ruprecht Ferdinand von Hohenlohe-Bartenstein,1730-1737,,d8567a4f-51cd-433d-8415-fbae757ee085
https://www.deckenmalerei.eu/1880611f-d3f6-4882-a5a7-515ab1a37a18,Die Treppenaufgänge,1756-1774,,1880611f-d3f6-4882-a5a7-515ab1a37a18
https://www.deckenmalerei.eu/4a3d4fc5-6959-40fa-928e-a8ce6456134b,Nördliches Appartement,"1672-69, 1701/04, 1715, 1763/64, 1795/96",,4a3d4fc5-6959-40fa-928e-a8ce6456134b
https://www.deckenmalerei.eu/c26559b8-e05a-48f6-bc21-af4e064bf68d,Südliches Appartement,"1672-69, 1701/04, 1715, 1763/64, 1795/96",,c26559b8-e05a-48f6-bc21-af4e064bf68d
https://www.deckenmalerei.eu/3d513169-ab9b-47ad-acce-9b0081f138ab,Paradeappartement,ca 1730-1757,,3d513169-ab9b-47ad-acce-9b0081f138ab
https://www.deckenmalerei.eu/59aefe04-4e23-4a0d-8e9c-c155ed1f9c7d,Großer und kleinerer Saal in der Beletage,,,59aefe04-4e23-4a0d-8e9c-c155ed1f9c7d
https://www.deckenmalerei.eu/50e49993-dc78-4923-8de2-a963c11302f0,Die Wohnung des Bauherrn im zweiten Obergeschoss,1736,1736,50e49993-dc78-4923-8de2-a963c11302f0
https://www.deckenmalerei.eu/6312decb-2b37-42a7-abdd-47540eb3cef6,Die Erschließungsraumfolge,1736,1736,6312decb-2b37-42a7-abdd-47540eb3cef6
https://www.deckenmalerei.eu/1c3be3b6-fc15-4da2-a035-267b308fb75c,Die Erschließungsraumfolge,,,1c3be3b6-fc15-4da2-a035-267b308fb75c
https://www.deckenmalerei.eu/7ee31670-d520-4c2a-893d-f00d316e4a40,Die Wohnräume des Landkomturs / ursprünglich Gästeappartement,,,7ee31670-d520-4c2a-893d-f00d316e4a40
https://www.deckenmalerei.eu/defbefcb-6a67-49af-9e5e-296b0d3a22ec,Treppenhaus,,,defbefcb-6a67-49af-9e5e-296b0d3a22ec
https://www.deckenmalerei.eu/d09e8682-45d2-4c8b-b639-4b40130ad57f,Die Nebenräume im Dachgeschoss,1784-1794,,d09e8682-45d2-4c8b-b639-4b40130ad57f
https://www.deckenmalerei.eu/3b524b6d-8e30-48d9-b3be-275ce8d91c37,Die ehemaligen Preußischen Kammern,ca. 1705-1715,,3b524b6d-8e30-48d9-b3be-275ce8d91c37
https://www.deckenmalerei.eu/5b523470-c4cb-11e9-8385-59bf93401dce,Festsaal und vier Annex-Räume,,,5b523470-c4cb-11e9-8385-59bf93401dce
https://www.deckenmalerei.eu/54b74495-6998-40e1-8525-57fbca7e135d,Appartment des Kronprinzen,,,54b74495-6998-40e1-8525-57fbca7e135d
https://www.deckenmalerei.eu/a0e01ed0-b819-4f21-9b9d-690394275b52,Appartement der Kronprinzessin,,,a0e01ed0-b819-4f21-9b9d-690394275b52
https://www.deckenmalerei.eu/2ca9ac54-f54c-43f2-8bdf-a2a8591ead46,"Appartement im Ostflügel, 1. OG",1729,1729,2ca9ac54-f54c-43f2-8bdf-a2a8591ead46
https://www.deckenmalerei.eu/5bcfdb79-7e8e-444c-b966-d2d778831ddb,Erschließungsraumfolge,1580–1583; 1651–1690,,5bcfdb79-7e8e-444c-b966-d2d778831ddb
https://www.deckenmalerei.eu/3c33a220-bb97-4797-9325-958ad56c86bb,Appartement Herzog Eberhard Ludwigs,1698–1713,,3c33a220-bb97-4797-9325-958ad56c86bb
https://www.deckenmalerei.eu/d5854024-1118-44fa-8bae-82d65ea77c79,Appartement im 2. Obergeschoss des Rheinflügels,,,d5854024-1118-44fa-8bae-82d65ea77c79
https://www.deckenmalerei.eu/0c5e8ce3-d802-4e68-be78-7e60f1e3c335,Das Appartement im ersten Obergeschoss des Nordflügels,1687-1692,,0c5e8ce3-d802-4e68-be78-7e60f1e3c335
https://www.deckenmalerei.eu/2a360709-b336-4dcc-9693-87dd8e92a96f,Das Appartement im zweiten Obergeschoss des Nordflügels,1687-1692,,2a360709-b336-4dcc-9693-87dd8e92a96f
https://www.deckenmalerei.eu/eaab6ce6-3eee-4e01-8546-9b173893e5bf,Die vorgesehenen Appartements von Herzog und Herzogin,1677-1684,,eaab6ce6-3eee-4e01-8546-9b173893e5bf
https://www.deckenmalerei.eu/89ba87b8-24d8-46d5-a0e3-fa638b5a0cdd,Das Appartement König Friedrichs des Großen,1745-1747,,89ba87b8-24d8-46d5-a0e3-fa638b5a0cdd
https://www.deckenmalerei.eu/ba77d397-cab1-4dd6-a17f-2f9da6c1ee2e,Die Räume des Herrenhauses,,,ba77d397-cab1-4dd6-a17f-2f9da6c1ee2e
https://www.deckenmalerei.eu/4d670e25-8193-4951-acba-471c896148a3,Das Hessische Gemach,,,4d670e25-8193-4951-acba-471c896148a3
https://www.deckenmalerei.eu/62728c52-6b9f-4d06-9036-07171b07c69c,Das Landgräfliche Eckgemach (Wilhelmsgemach),,,62728c52-6b9f-4d06-9036-07171b07c69c
https://www.deckenmalerei.eu/6795a2bf-4cc7-4b34-ac84-9cf5b3ed7521,Der so genannte Festsaalbereich,,,6795a2bf-4cc7-4b34-ac84-9cf5b3ed7521
https://www.deckenmalerei.eu/bfc9e67e-829a-47db-8a9f-7b90457a749a,Das Württembergische Gemach,,,bfc9e67e-829a-47db-8a9f-7b90457a749a
https://www.deckenmalerei.eu/32fae398-e9ef-4aa2-a2ee-a15ff123e186,Gartenseitige Räume (Ostseite),1713-26,,32fae398-e9ef-4aa2-a2ee-a15ff123e186
https://www.deckenmalerei.eu/414b047e-cbfa-48d2-aa0d-03598df8d04c,Stadtseitige Räume (Westseite),1713-26,,414b047e-cbfa-48d2-aa0d-03598df8d04c
https://www.deckenmalerei.eu/66c45c15-e760-4594-bc86-a0ef2a66650b,Raumprogramm,1716-1721,,66c45c15-e760-4594-bc86-a0ef2a66650b
https://www.deckenmalerei.eu/198194ed-bf6a-412c-8300-db7668dcff91,Das so genannte Churfürstliche Gemach im dritten Obergeschoss,1706-1712,,198194ed-bf6a-412c-8300-db7668dcff91
https://www.deckenmalerei.eu/6e4d82b8-4146-4cbc-a339-ade3789f8699,Die Räume in der Mitte des Westflügels im dritten Obergeschoss,1705-1734,,6e4d82b8-4146-4cbc-a339-ade3789f8699
https://www.deckenmalerei.eu/6e760bc9-ea3a-43d9-b7a5-06c3cc0ba979,Die ehem. Appartements der Herzöge Friedrich II. und Friedrich III. im 2. OG,1706-1735,,6e760bc9-ea3a-43d9-b7a5-06c3cc0ba979
https://www.deckenmalerei.eu/716931ae-e306-4e7d-b438-3a683bf9bba2,Das Appartement Herzogs Friedrich III. im dritten Obergeschoss,1724-1734,,716931ae-e306-4e7d-b438-3a683bf9bba2
https://www.deckenmalerei.eu/90734f5d-675f-4147-839e-6bf91a2646cb,Die ehemaligen Appartements der Herzoginnen im ersten Obergeschoss,"1706-1712, 1725-1735",,90734f5d-675f-4147-839e-6bf91a2646cb
https://www.deckenmalerei.eu/3d49964a-3966-4295-9e0a-cbbb7a5568d2,Räumlicher Kontext des im 19. Jahrhundert sogenannten Rittersaals,,,3d49964a-3966-4295-9e0a-cbbb7a5568d2
https://www.deckenmalerei.eu/68778528-d691-43b6-8407-8f3e6a3aaa89,Die Fürstenwohnung,,,68778528-d691-43b6-8407-8f3e6a3aaa89
https://www.deckenmalerei.eu/2b5c26b7-3e96-4711-b107-9d3e9ea5642c,"Die ""Albertischen Zimmer""",1795/96,,2b5c26b7-3e96-4711-b107-9d3e9ea5642c
https://www.deckenmalerei.eu/84d58e4d-9d1d-4c63-aa4f-5b1060815442,"Die ehem. ""Dänischen Gemächer""",um 1709,1709,84d58e4d-9d1d-4c63-aa4f-5b1060815442
https://www.deckenmalerei.eu/adc83ee6-6e6a-4508-943d-45a90f002191,Das Appartement des Kurfürsten Friedrich August II.,ab 1761,,adc83ee6-6e6a-4508-943d-45a90f002191
https://www.deckenmalerei.eu/07818b8f-3276-48db-bf5f-7dfa594616f5,"Das ""Grüne Gewölbe""","1548/49, 1723/24, 1727-1729",,07818b8f-3276-48db-bf5f-7dfa594616f5
https://www.deckenmalerei.eu/604ea564-e35e-4327-9ea4-59d66889c9cd,Die ehem. Brandenburgischen Gemächer,um 1662,1662,604ea564-e35e-4327-9ea4-59d66889c9cd
https://www.deckenmalerei.eu/6790ad4e-e365-4ac7-adf5-a0c5ec99703a,Die kurfürstlich-königlichen Paradezimmer,1718/1719,,6790ad4e-e365-4ac7-adf5-a0c5ec99703a
https://www.deckenmalerei.eu/d7bb6970-5ba1-4890-a880-934c519dd682,Die ehem. Kurfürstlichen Gemächer (1. OG),"1658-1662, 1665-1666",,d7bb6970-5ba1-4890-a880-934c519dd682
https://www.deckenmalerei.eu/77c9b19d-7038-4928-b015-3475d54c5788,"Die sog. ""neuen Zimmer"" (ehem. Schießsaal)","1682-1684, 1694, 1718/19",,77c9b19d-7038-4928-b015-3475d54c5788
https://www.deckenmalerei.eu/d3dd3fcc-1860-4c46-ac55-5d93e9f6a777,"Die ""alltäglichen"" Gemächer des Kurfürsten-Königs (ehem. ""Pfälzischen Zimmer"")",um 1707,1707,d3dd3fcc-1860-4c46-ac55-5d93e9f6a777
https://www.deckenmalerei.eu/220bf735-7e11-4a81-b51b-29f20a9ec3c9,Appartement des Kurfürsten im Süden,1700-1716,,220bf735-7e11-4a81-b51b-29f20a9ec3c9
https://www.deckenmalerei.eu/49d2f92f-8545-47de-a736-19c974cbecb0,Appartement der Kurfürstin im Norden,1700-1716,,49d2f92f-8545-47de-a736-19c974cbecb0
https://www.deckenmalerei.eu/97b7df23-5fa5-4bff-9fda-622fab7bbee4,Gemeinsame Raumfolge in der Mitte,1700-1712,,97b7df23-5fa5-4bff-9fda-622fab7bbee4
https://www.deckenmalerei.eu/ce0de47f-3486-4bbe-b79c-96695dbf9955,Erschließung des Schlosses über die Seitenflügel,1700-1712,,ce0de47f-3486-4bbe-b79c-96695dbf9955
https://www.deckenmalerei.eu/e5a80672-0c9a-4cab-8783-c6bda21db011,Verlorene Räume und ihre ehemalige Decken- und Wandmalerei,,,e5a80672-0c9a-4cab-8783-c6bda21db011
https://www.deckenmalerei.eu/5fa0793a-49b4-460f-947a-daa67fe7de7d,Erschließung und Treppenhaus,1733-34,,5fa0793a-49b4-460f-947a-daa67fe7de7d
https://www.deckenmalerei.eu/880384f0-21b2-4d0c-96ad-a0a92d33c602,Dreiräumiges Empfangsappartement,1733-34,,880384f0-21b2-4d0c-96ad-a0a92d33c602
https://www.deckenmalerei.eu/117b3399-3680-4cb0-b57b-e273d641b178,Die ehemalige Raumfolge östlich des Hauptsaals,1673-1680,,117b3399-3680-4cb0-b57b-e273d641b178
https://www.deckenmalerei.eu/14502df1-bbd6-43d9-8c17-1efeea5657f4,Die ehemalige Raumfolge westlich des Hauptsaals,"1680, 1790",,14502df1-bbd6-43d9-8c17-1efeea5657f4
https://www.deckenmalerei.eu/184a9646-b420-4ae2-9208-7c430411e2e5,Die ehemalige Raumfolge westlich des Vestibüls,,,184a9646-b420-4ae2-9208-7c430411e2e5
https://www.deckenmalerei.eu/c93a9ba6-b45b-456d-b987-32aaf51b81c4,Die ehemalige Raumfolge östlich des Vestibüls,,,c93a9ba6-b45b-456d-b987-32aaf51b81c4
https://www.deckenmalerei.eu/42ba785b-7de6-4bac-ab1f-2516747d3884,Erschließungsraumfolge,1768/69,,42ba785b-7de6-4bac-ab1f-2516747d3884
https://www.deckenmalerei.eu/4be3cb60-ca5d-11e9-b3c7-c1f35c95f583,Erschließungsraumfolge des Corps de Logis,,,4be3cb60-ca5d-11e9-b3c7-c1f35c95f583
https://www.deckenmalerei.eu/7605d0e0-ca5e-11e9-b3c7-c1f35c95f583,Appartement Franziskas im östlichen Seitenflügel,,,7605d0e0-ca5e-11e9-b3c7-c1f35c95f583
https://www.deckenmalerei.eu/d6e890ff-06e0-4f64-ba88-cfcc2e27d526,Appartement der Markgräfin,"Datierung: ab 1715, Erweiterung ab: 1735,  Ausstattung: zwischen 1736-1750",,d6e890ff-06e0-4f64-ba88-cfcc2e27d526
https://www.deckenmalerei.eu/818613f3-7c10-4a10-a98b-1eddf42dcb9d,Östliches Fürstenappartement,"1691 -1696, 1729/30, 1749 -1751, 1753",,818613f3-7c10-4a10-a98b-1eddf42dcb9d
https://www.deckenmalerei.eu/9423334c-5a8e-41db-9b87-05488658f647,Westliches Gästeappartement,1691 - 1696,,9423334c-5a8e-41db-9b87-05488658f647
https://www.deckenmalerei.eu/eb976073-b613-4d81-af95-cc561d8768e6,Südliches Fürstenappartement,1744 - 1753,,eb976073-b613-4d81-af95-cc561d8768e6
https://www.deckenmalerei.eu/57e84eb1-336c-477a-a3ef-1067e9a2e53e,Fürstenappartement,1738 - 1744,,57e84eb1-336c-477a-a3ef-1067e9a2e53e
https://www.deckenmalerei.eu/4fad7cdd-1872-41cd-97c5-80f78d16c3b7,Appartement des Freiherrenpaars,1776,1776,4fad7cdd-1872-41cd-97c5-80f78d16c3b7
https://www.deckenmalerei.eu/c0a5fdf1-f066-4d8c-adb6-ffc6977c4cac,Erschließungsraumfolge,,,c0a5fdf1-f066-4d8c-adb6-ffc6977c4cac
https://www.deckenmalerei.eu/a5c01d90-c4fa-11e9-ba3b-056cb58d1f03,Erschließungsraumfolge des Schlosses,1729-1723,,a5c01d90-c4fa-11e9-ba3b-056cb58d1f03
https://www.deckenmalerei.eu/24006b1a-7872-464e-af92-36f9707a8112,Gäste-Trakt,1758–1760,,24006b1a-7872-464e-af92-36f9707a8112
https://www.deckenmalerei.eu/67651245-a2e3-4bc8-9b15-ce0c7db8eb70,nördlicher Konventsflügel,um 1651–1670,,67651245-a2e3-4bc8-9b15-ce0c7db8eb70
https://www.deckenmalerei.eu/d6e6793b-e0dd-4081-8d76-43a73a2a7b06,Prunk-Appartement,um 1728–1742,,d6e6793b-e0dd-4081-8d76-43a73a2a7b06
https://www.deckenmalerei.eu/c8582113-bb2b-4a7b-abbc-0d3cb3f90ca9,Erschließungsraumfolge,1764-1765,,c8582113-bb2b-4a7b-abbc-0d3cb3f90ca9
https://www.deckenmalerei.eu/0f88de84-65ea-4ec7-9878-86c7e9d387f3,Räume im zweiten Obergeschoss,,,0f88de84-65ea-4ec7-9878-86c7e9d387f3
https://www.deckenmalerei.eu/e7df52c9-ac9a-44bf-99c8-955ac6bd7662,Räume im ersten Obergeschoss,,,e7df52c9-ac9a-44bf-99c8-955ac6bd7662
https://www.deckenmalerei.eu/6122b45e-c7c9-4414-ac76-5684c15c3f3f,Die Unteren Roten Kammern,,,6122b45e-c7c9-4414-ac76-5684c15c3f3f
https://www.deckenmalerei.eu/6d26102a-a3f1-439c-a986-f8d663f7e75b,Die Wohnung des Marquis d’Argens,,,6d26102a-a3f1-439c-a986-f8d663f7e75b
https://www.deckenmalerei.eu/78dc269e-77ae-4a6b-9c09-b94212ff3540,Die Wohnung des Prinzen von Preußen,1763-69,,78dc269e-77ae-4a6b-9c09-b94212ff3540
https://www.deckenmalerei.eu/adb713cd-48d7-4de7-9c49-8833d52621dc,Das Untere Fürstenquartier,,,adb713cd-48d7-4de7-9c49-8833d52621dc
https://www.deckenmalerei.eu/b95dcd35-08e6-4d29-b58a-48462f0d2704,Das  Obere Fürstenquartier,,,b95dcd35-08e6-4d29-b58a-48462f0d2704
https://www.deckenmalerei.eu/fedf3e65-6f3a-4cae-8b67-e20abf1292f1,Das Appartement König Friedrichs des Großen,1763-65,,fedf3e65-6f3a-4cae-8b67-e20abf1292f1
https://www.deckenmalerei.eu/681fd69c-fad1-4d1f-8e29-6f51e9027d24,Erschließungsraumfolge,"1710–1712, 1740–1743, 1759–1761",,681fd69c-fad1-4d1f-8e29-6f51e9027d24
https://www.deckenmalerei.eu/217e869b-045c-4b03-be8e-116644e87e06,Die Erschließungsraumfolge,,,217e869b-045c-4b03-be8e-116644e87e06
https://www.deckenmalerei.eu/1be124eb-b4dd-4256-ba1b-1fd49aaaf1fe,Die Räume des Pellerhauses,1605-1607,,1be124eb-b4dd-4256-ba1b-1fd49aaaf1fe
https://www.deckenmalerei.eu/48244155-9c47-46cc-88c7-ad72cda0a373,Appartement des Kurfürsten,1648-1652,,48244155-9c47-46cc-88c7-ad72cda0a373
https://www.deckenmalerei.eu/50845f55-4e7f-4c69-ae51-30ea2a575bef,Appartement der Kurfürstin,,,50845f55-4e7f-4c69-ae51-30ea2a575bef
https://www.deckenmalerei.eu/ba639d6c-1fca-4496-8f5c-cfb30159841f,Die ehemaligen Räume im Südflügel,1697-1764,,ba639d6c-1fca-4496-8f5c-cfb30159841f
https://www.deckenmalerei.eu/3cc2e7e2-66a2-4533-a97a-cb5fe2e9de31,Appartement der Markgräfin,"Datierung: 1745, Erweiterung: 1753, Ausstattung: 1755, Erweiterung: 1759",,3cc2e7e2-66a2-4533-a97a-cb5fe2e9de31
https://www.deckenmalerei.eu/9c91bf78-d8ee-40ec-91a5-82da93386bcb,Privatappartement des Markgrafen,"Datierung: 1745, Erweiterung: 1753-1755",,9c91bf78-d8ee-40ec-91a5-82da93386bcb
https://www.deckenmalerei.eu/192db611-cb98-45be-9ad8-2fd217321ddc,Paradeappartement des Markgrafen,"Kernbau: ab 1744, Datierung: 1753-1755, Erweiterung: 1757, Erweiterung: 1759-1762, Erweiterung: 1764",,192db611-cb98-45be-9ad8-2fd217321ddc
https://www.deckenmalerei.eu/c10fd5f0-ca6c-11e9-b3c7-c1f35c95f583,Erschließungsraumfolge,,,c10fd5f0-ca6c-11e9-b3c7-c1f35c95f583
https://www.deckenmalerei.eu/d3489cd0-ca70-11e9-8c61-337f8ac1dbc1,Westliches Appartement,1716-1718,,d3489cd0-ca70-11e9-8c61-337f8ac1dbc1
https://www.deckenmalerei.eu/f93fbc8d-e005-4d09-aac5-675b5546bb04,Zwei ehemalige Räume im ersten Obergeschoss,,,f93fbc8d-e005-4d09-aac5-675b5546bb04
https://www.deckenmalerei.eu/3581e144-a6f9-4051-ad3c-32e37f0d3624,Das erste Gastappartement,1686-1688,,3581e144-a6f9-4051-ad3c-32e37f0d3624
https://www.deckenmalerei.eu/3fdf4df7-44da-4416-8923-144a136a7b65,Das Appartement der Herzogin,1680-1686,,3fdf4df7-44da-4416-8923-144a136a7b65
https://www.deckenmalerei.eu/86e95a32-fcee-421a-ba6c-57caecf25b89,Das zweite Gastgemach,1686-1688,,86e95a32-fcee-421a-ba6c-57caecf25b89
https://www.deckenmalerei.eu/8d205496-6604-4c4f-ad65-b1b2f7bf0276,Das Appartement des Herzogs,1680-1686,,8d205496-6604-4c4f-ad65-b1b2f7bf0276
https://www.deckenmalerei.eu/fa2b7205-7b00-4133-9c57-6b147c4b4f54,Erschließungsraumfolge (mit Enfilade),1765–1770,,fa2b7205-7b00-4133-9c57-6b147c4b4f54
https://www.deckenmalerei.eu/5054867b-57fd-4dc3-9027-c071028416b3,Appartement des Kurfürsten,,,5054867b-57fd-4dc3-9027-c071028416b3
https://www.deckenmalerei.eu/b732630b-0fad-4ad3-9fa0-ebca57533b35,Die Gesellschafts- und Gastgemächer im Obergeschoss,1695,1695,b732630b-0fad-4ad3-9fa0-ebca57533b35
https://www.deckenmalerei.eu/f8d22a4e-61ae-4e76-9166-0c5039874e04,Die Räume des Hausherrn im Erdgeschoss,1695,1695,f8d22a4e-61ae-4e76-9166-0c5039874e04
https://www.deckenmalerei.eu/076b510e-26aa-4078-8ae7-7517e01667e6,Der Westflügel und seine ehemaligen Repräsentationsräume,1736-1770,,076b510e-26aa-4078-8ae7-7517e01667e6
https://www.deckenmalerei.eu/11295534-f0d6-48c3-bca9-0d325c9bc7a6,Das Gastappartement,1737-1748,,11295534-f0d6-48c3-bca9-0d325c9bc7a6
https://www.deckenmalerei.eu/4f158ee7-11cf-4360-a0a5-d0714d280c57,Der Südflügel und seine ehemaligen Wohnräume,1500-1900,,4f158ee7-11cf-4360-a0a5-d0714d280c57
https://www.deckenmalerei.eu/a06268f6-b457-42ff-9af9-bc551ef91116,Das Gesellschaftsappartement,1737-1770,,a06268f6-b457-42ff-9af9-bc551ef91116
https://www.deckenmalerei.eu/12a79355-89cd-4839-8e89-d23e1ae133d0,Treppenhaus,,,12a79355-89cd-4839-8e89-d23e1ae133d0
https://www.deckenmalerei.eu/20c84b25-0440-479e-aceb-31127356832e,Empfangszimmer mit Kabinett und Garderobe,1721/1722-1728,,20c84b25-0440-479e-aceb-31127356832e
https://www.deckenmalerei.eu/d3a38147-1d83-4df3-b465-222352abd3de,Erschließungsraumfolge,1721/1722-1728,,d3a38147-1d83-4df3-b465-222352abd3de
https://www.deckenmalerei.eu/24208688-8e6f-410b-a40f-911707d9487b,Das landesherrliche Appartement der Fürstäbte,1707-21 angelegt,,24208688-8e6f-410b-a40f-911707d9487b
https://www.deckenmalerei.eu/249a24f7-3d91-4581-b7c8-d1110f380545,Das Appartement des Kurfürsten,1696-1698,,249a24f7-3d91-4581-b7c8-d1110f380545
https://www.deckenmalerei.eu/aecd5c88-3939-494b-abfa-20979bfe8bb3,Das Appartement der Kurfürstin,1696-1698,,aecd5c88-3939-494b-abfa-20979bfe8bb3
https://www.deckenmalerei.eu/e87dd892-f46f-41aa-b029-48b0e0e92d76,Das Treppenhaus des 18. Jahrhunderts,um 1750,1750,e87dd892-f46f-41aa-b029-48b0e0e92d76
https://www.deckenmalerei.eu/0ed4d3bb-4357-454a-b721-9a84ce850c4b,Die Parade- und Wohnräume des Kurfürsten und Königs,"1688, ab 1690, 1695, 1699",,0ed4d3bb-4357-454a-b721-9a84ce850c4b
https://www.deckenmalerei.eu/c2ce6500-b56c-4fdd-9b65-a13ca16f0995,Raumfolge im zweiten Obergeschoss des östlichen Seitenflügels,um 1725,1725,c2ce6500-b56c-4fdd-9b65-a13ca16f0995
https://www.deckenmalerei.eu/2b1ba303-e70d-428c-b645-8a03486da9ad,Vogelzimmerappartement,1709-1711,,2b1ba303-e70d-428c-b645-8a03486da9ad
https://www.deckenmalerei.eu/4228c5d9-b3e3-4856-b124-fcf6b79df142,Erschließungsraumfolge,1711-1712,,4228c5d9-b3e3-4856-b124-fcf6b79df142
https://www.deckenmalerei.eu/b39f1cc8-faa2-4d51-aac0-b404fc453acd,Bacchuszimmerappartement,1709-1711,,b39f1cc8-faa2-4d51-aac0-b404fc453acd
https://www.deckenmalerei.eu/0948c1e7-c0e4-4c58-92a1-fe1be9f6f767,Erschließungsraumfolge,,,0948c1e7-c0e4-4c58-92a1-fe1be9f6f767
https://www.deckenmalerei.eu/381cd52f-9b85-4058-a0d5-abaea464a5a0,Nördliches Appartement entlang der Feldseite,,,381cd52f-9b85-4058-a0d5-abaea464a5a0
https://www.deckenmalerei.eu/fd5d1e5e-aefe-490b-9d1d-ba6d83fd014e,Nördliches Appartement entlang der Hofseite,,,fd5d1e5e-aefe-490b-9d1d-ba6d83fd014e
https://www.deckenmalerei.eu/00e04cba-8828-48f4-82c3-931626eea2ea,Räume bauzeitlicher Ausstattung im zweiten Obergeschoss des Neuen Corps de logis,1725-1733,,00e04cba-8828-48f4-82c3-931626eea2ea
https://www.deckenmalerei.eu/213a7cf7-ecfd-4e60-96d8-382a3fa0c4aa,Appartement Herzog Eberhard Ludwig,1725-1733,,213a7cf7-ecfd-4e60-96d8-382a3fa0c4aa
https://www.deckenmalerei.eu/49c67bec-46db-42f8-9090-6709f63177af,Die Erschließungswege,,,49c67bec-46db-42f8-9090-6709f63177af
https://www.deckenmalerei.eu/51a5ca52-f0db-4e7a-8fd1-693d47a12589,Appartement Herzogin Johanna Elisabeth,1725-1733,,51a5ca52-f0db-4e7a-8fd1-693d47a12589
https://www.deckenmalerei.eu/bdd9acfe-15aa-44f6-8320-68f80a91aa92,Die „Neuen Zimmer“ Herzog Carl Eugens in der Attika des Neuen Corps de logis,1757-1759,,bdd9acfe-15aa-44f6-8320-68f80a91aa92
https://www.deckenmalerei.eu/c1862416-8c4e-466d-abac-746d4e463537,Appartement des Erbprinzen Friedrich Ludwig,1725-1733,,c1862416-8c4e-466d-abac-746d4e463537
https://www.deckenmalerei.eu/f507dc7b-dff9-4f11-be74-39153f8e4726,Appartement der Erbprinzessin Henriette Marie,1725-1733,,f507dc7b-dff9-4f11-be74-39153f8e4726
https://www.deckenmalerei.eu/10e02819-7dd2-464d-98c6-8eaf2ecb8fd2,Nördliches Appartement entlang der Feldseite,,,10e02819-7dd2-464d-98c6-8eaf2ecb8fd2
https://www.deckenmalerei.eu/490669ae-c432-4c0e-a957-ae921a055782,Südliches Appartement entlang der Hofseite,,,490669ae-c432-4c0e-a957-ae921a055782
https://www.deckenmalerei.eu/79a0edac-c253-4ff3-b086-093ef7ae38ac,Erschließungsraumfolge,,,79a0edac-c253-4ff3-b086-093ef7ae38ac
https://www.deckenmalerei.eu/7e24b036-4f40-4dfb-ad85-0c66f7938614,Die vier Eckkabinette und ihre Dekoration,1716,1716,7e24b036-4f40-4dfb-ad85-0c66f7938614
https://www.deckenmalerei.eu/1e59e880-d4d0-4ac6-8ad6-fa6112afdce9,Gästeappartement im Erdgeschoss des Alten Corps de logis,1706-1709,,1e59e880-d4d0-4ac6-8ad6-fa6112afdce9
https://www.deckenmalerei.eu/21ce9306-6294-4964-a4ac-6d029e997d86,Appartement des Jagdordens / Gästeappartement,1706-1710,,21ce9306-6294-4964-a4ac-6d029e997d86
https://www.deckenmalerei.eu/6a62dbb6-53b5-4299-9f08-5bbebae7fb3e,Wohnappartement Herzog Eberhard Ludwigs im Erdgeschoss des Alten Corps de logis,1706-1709,,6a62dbb6-53b5-4299-9f08-5bbebae7fb3e
https://www.deckenmalerei.eu/7d2dd492-0605-4a04-830d-2588a113d706,Audienzappartement Herzog Eberhard Ludwigs,1706-1709,,7d2dd492-0605-4a04-830d-2588a113d706
https://www.deckenmalerei.eu/b693397b-aa7f-415f-8539-c825ebe7e812,Erschließungsraumfolge,1706-1710,,b693397b-aa7f-415f-8539-c825ebe7e812
https://www.deckenmalerei.eu/1e753f38-b730-4a53-bd23-a8884f06b2f7,Gästeappartement im Erdgeschoss des Riesenbaus zur Rechten,1712-1713,,1e753f38-b730-4a53-bd23-a8884f06b2f7
https://www.deckenmalerei.eu/7cfe4801-afbf-4091-bd12-aa37e5dfa165,Gästeappartement im Piano nobile des Riesenbaus rechter Hand des Saals,,,7cfe4801-afbf-4091-bd12-aa37e5dfa165
https://www.deckenmalerei.eu/8b473a34-6c22-48bc-8f1d-29e85e9c1194,Erschließungsraumfolge,1712-1713,,8b473a34-6c22-48bc-8f1d-29e85e9c1194
https://www.deckenmalerei.eu/e4068e50-497b-4fb6-bda6-7e14711606ee,Die Mittelachse - Erschließungsraumsfolge mit Vestibül und Kuppelsaal,1756-1770,,e4068e50-497b-4fb6-bda6-7e14711606ee
https://www.deckenmalerei.eu/a05a2b57-294a-4cca-a2b7-a4929421a4be,Lage des Kleinen Rathaussaals innerhalb des Gebäudes,1616–1622,,a05a2b57-294a-4cca-a2b7-a4929421a4be
https://www.deckenmalerei.eu/43e8a538-6c33-4fde-8b4b-befd8b86d3ce,Räume im ersten Obergeschoss,1760-1762,,43e8a538-6c33-4fde-8b4b-befd8b86d3ce
https://www.deckenmalerei.eu/0c6cd3ed-7919-47fe-88e6-8bf300282b55,Das Appartement im ersten Obergeschoss des Ostflügels,1690-1702,,0c6cd3ed-7919-47fe-88e6-8bf300282b55
https://www.deckenmalerei.eu/71c613a3-8623-46ba-ae2b-78538af98bf2,Das Paradeappartement im zweiten Obergeschoss des Ostflügels,1690-1700,,71c613a3-8623-46ba-ae2b-78538af98bf2
https://www.deckenmalerei.eu/9a0bd85c-222d-4e2c-91c1-b12a4bbafe3f,Die landesherrlichen Appartements im ersten Obergeschoss des Südflügels,"1690-1702, 1730",,9a0bd85c-222d-4e2c-91c1-b12a4bbafe3f
https://www.deckenmalerei.eu/0a5bd7e5-426d-4192-9f2b-2c8c5ab746f2,Das Obergeschoss,1794-1795,,0a5bd7e5-426d-4192-9f2b-2c8c5ab746f2
https://www.deckenmalerei.eu/ac9ab28a-fba3-4baf-939c-2a72f8eba77a,Erdgeschoss,1794-1795,,ac9ab28a-fba3-4baf-939c-2a72f8eba77a
https://www.deckenmalerei.eu/1849cbbb-3d4e-4b20-b85e-58c5c2b20a81,Kurfürstliches Appartement,,,1849cbbb-3d4e-4b20-b85e-58c5c2b20a81
https://www.deckenmalerei.eu/18584b38-8829-46df-bd23-c5d0cd9f7855,Wohnung des Kurfürsten Philipp Christoph von Sötern,,,18584b38-8829-46df-bd23-c5d0cd9f7855
https://www.deckenmalerei.eu/276a65c0-06c5-40e1-bd93-c4fa4c218cc6,Barocke Erschließung,1720/30,,276a65c0-06c5-40e1-bd93-c4fa4c218cc6
https://www.deckenmalerei.eu/78a09827-11eb-422b-925e-43adfe6611d1,Appartement im ersten Obergeschoss entlang der Ringleinsgasse mit zwei Deckengemälden,um 1725,1725,78a09827-11eb-422b-925e-43adfe6611d1
