appellation,gender,ID
"Jäger, Franz Joseph",MALE,ffd25368-5ae7-4981-bafd-53aa2105f608
"Reiser, Joseph Anton",MALE,ce294e7b-f11a-4b5d-8f8f-f750393bfb73
"Mermos, Cölestin, I., Abt",MALE,b93b6230-c801-11e9-8a8f-6315b3a88f02
"Friedrich, Verena",FEMALE,15c06542-bf38-464e-9848-9d8dc3d0fce0
"Weihing, Johann Georg",MALE,39103d2e-0528-45e6-9c4f-a2424d630eea
"Weidlich, Anton",MALE,4866e67b-c0fd-4737-9ca8-ddb918ab052a
"Aßner, Johann Georg",MALE,c91e2d24-107e-44d2-a5b6-a6c7c773e1a4
"Egloffstein, Albrecht Christoph Carl, Freiherr",MALE,a5dc5d3e-2084-4ee5-af22-a6de63fb301e
"De Vos, Maarten",MALE,32751429-b73e-48f3-b7e0-874e16878448
"Preising, Adahart von",MALE,22a78726-8e7b-4594-b1db-7d54963face6
"Bühler, Johann",MALE,b99812b7-1b30-4975-b940-19470325a1cf
"Prügel, Christian",MALE,a389902f-309a-4c70-ba08-90c17a3aa9ab
"Zink, Matthias",MALE,08528790-edaf-4665-b7d3-b9ee4ba95054
"Castelli, Carlo Ludovico",MALE,33c17f6b-72d7-42a7-9b53-d8ee5e883eb3
"Grote (auf Wrestedt), Gräfin",FEMALE,ea7bf920-c821-11e9-a78f-bdb9a7914b83
"Grote, Otto",MALE,bf6e0d00-c820-11e9-a78f-bdb9a7914b83
"Gödecke, Hans",MALE,365f3310-c823-11e9-a78f-bdb9a7914b83
"Fugger, Maria Josepha Antonia",FEMALE,657a9306-86f5-4243-b8b8-a010d076028f
"Knoll, Quirin",MALE,5286a3f0-c528-11e9-92b4-2f4b03998979
"Fugger, Ruppert Joseph Anton",MALE,39d779c0-cb6c-11e9-a76d-ef0b154b5ae8
"Rothweil, Franz Friedrich",MALE,5f1f66e0-c4bc-11e9-a787-75de7068cfba
"Valentin, Christian Friedrich",MALE,f41ff52c-7f6d-4fb0-9fe8-15c6ae29ca44
"Seeger, Ulrike",FEMALE,c38099d0-c4c4-11e9-8385-59bf93401dce
"Platz, Paul",MALE,a30e62cc-d29c-428b-b39d-95c1ca3f8197
"Schmidt, Gerhard",MALE,1017e839-1ccd-4ce7-af2c-fa5a64163511
"Limmerich, Christoph",MALE,dfa390b6-1ed8-45b6-8ef3-d28c783de32c
"Thalwitzer, Christian",MALE,63f7d9ff-645f-47db-bf6c-5d322ab56f14
"Tassaert, Peter Franz",MALE,4d96940b-8279-4700-b7ff-fc8d72f63b05
"Siegfried, Hohenlohe-Weikersheim, Graf",MALE,9404acc4-efe5-41df-bc28-3f486bcdda80
"Freidrich Kraft, Hohenlohe-Neuenstein-Öhringen, Graf",MALE,0fec4878-e372-4daf-a301-260e7e85f634
"Kraft, Hohenlohe-Neuenstein-Öhringen, Graf",MALE,d21036ae-e59b-4ac0-83d2-1b2d1246a6ae
"Weiß, Johann Valentin",MALE,f52bfc73-0adc-4a41-9f68-20deb3b74f69
"Weissenfelder, Philipp",MALE,4842beab-800b-480a-9434-32f0dcc747f6
"Pollweil und Weilerthal, Rudolf von",MALE,426512af-0857-44be-8889-f8a043282b70
"Krafft, Johann",MALE,6db69680-c8b1-11e9-a8bd-010b40bb6c8f
Joh.....g,MALE,5c6dbba0-c8b2-11e9-a8bd-010b40bb6c8f
"Berger, Georg",MALE,bde3ced0-c8b5-11e9-a8bd-010b40bb6c8f
"Koppers, Gerhard",MALE,d452e575-b804-42ff-a93c-91be92b148b7
"Morsegno, Carlo Pietro",MALE,cf623ea8-071f-44f7-8f0c-ac837bfab53b
"Castelli, Domenico",MALE,9848ebb4-15ea-4cd0-bbce-1f8f49d97b44
"Koppers, Johann Anton",MALE,b2b80dcd-2c8a-4c75-b66c-fe0e0a63ffcc
"Kruse, Jasmin",FEMALE,c5f94355-ffc1-40d5-9edb-dc002ce799db
"Roos, Johann Melchior",MALE,777e15a3-fe29-4155-9aae-d556c289c483
"Wolff, Balthasar",MALE,098d60c5-fc3a-4a09-9c78-59b1e52a5b19
"Albrecht, Nassau-Weilburg-Ottweiler, Graf",MALE,cbc92294-16ba-4dd8-ad99-75b30e3f784e
"Kempf, Ludwig",MALE,764190db-75a4-4fa1-9753-234cd6b11c7d
"Philipp III., Nassau-Weilburg, Graf",MALE,1c74b3ac-554d-427f-b786-0a874aa0fd54
"Schickedanz, Nikolaus",MALE,81dcd448-04f3-45b3-874f-0a3a22bde314
"La Guêpière, Philippe de",,cbc13f30-c5b6-11e9-b6fd-d99e1ba53a95
"Bossi, Ludovico",MALE,52d80e91-7395-4540-86f9-535425d76c7e
"Roger, Louis",MALE,a583f9ac-11ab-471e-8bff-caeaede80400
"Binder, Johann Konrad",MALE,2f7b38d4-acc6-4a9c-99b3-45ddabaebdb2
"Schaumberg, Heinrich Carl",MALE,39996021-43f6-498b-9e36-27bc1c6ab383
"Brabeck, Jobst Edmund III.",MALE,5f6b7f40-c7d6-11e9-8741-07f577d624c4
"Hag, Johann Georg von",MALE,f3ea1ecd-546b-47e2-91f1-4ec0e6175af9
"Recke, Franz Wilhelm von der",MALE,81791a29-1c9d-4af0-a3cd-aa1644d05384
"Reinach, Johann Franz, Freiherr",MALE,c620b83c-ac21-4e18-9d8f-c4a997dff83d
"Falkenstein, Marquard Franz Leopold, Freiherr",MALE,87580c3e-043c-4c3d-9677-4b318898b989
"Reinach, Franz Ignaz Anton, Freiherr",MALE,69bd4fe1-7b8d-455d-9171-b9521a12aea3
"Heinrich II. von Lusignan, Titularkönig von Jerusalem",MALE,c3258c0f-de5c-4149-9c8b-d8c4e8d20440
"Beyerle, Peter Paul",MALE,8a71fe4a-9784-4721-ad87-fbe2f881a10f
"Brienne, Isabelle",FEMALE,5fc84981-97c5-498b-823c-3eb288896b14
"Huber, Andreas",MALE,4c3a36d0-aa2c-4179-8bbf-48b7c0085621
"Vöhlin von Frickenhausen, Johann Joseph Christoph",MALE,ff328acb-87cd-4631-917a-bf8a4359f37c
"Vöhlin von Frickenhausen, Hans Gothard I.",MALE,f9563acc-7543-4580-af33-56bb215bd2a4
"Grafeneck, Marie Louise von",FEMALE,2eab6e88-96b2-4513-aa3e-9bc6ba6fdb16
"Vöhlin von Frickenhausen, Carl",MALE,4d6e6b8b-62ec-430f-ac75-73b64eba5abd
"Vöhlin von Frickenhausen, Erhard, d. J.",MALE,063326c7-3bda-4505-ad66-5805ad0f1637
"Vöhlin von Frickenhausen, Leonhard",MALE,ecb643fc-a24e-4e3b-90aa-8f65ccf3df79
"Lauginger, Elisabeth",FEMALE,e92ea4a4-8612-4d6a-884f-c6bdf5276229
"Vöhlin, Erhard",MALE,e8a825c5-ce22-4a12-bd56-ca8cb90d0645
"Vöhlin, Konrad",MALE,dbd3cbaf-0a25-4e51-bdfc-204b1ad812b7
"Stoß, Ursula",FEMALE,cbf0a324-121c-4da6-967d-00861d8bae97
"Welz, Eva Rosina von",FEMALE,c00ce348-0521-4898-99cb-490b06ecfeba
"Vöhlin, Konrad",MALE,b760d39a-9db3-4caf-8acf-237babbf27d8
"Pappenheim, Maria Dorothea von",FEMALE,aef84ec5-f661-40da-b47d-c4554e1d70be
"Muggenthal, Maria Anna von",FEMALE,a5777701-5584-4ba8-b6dc-7737a7c876df
"Vöhlin von Frickenhausen, Hans Christoph IV.",MALE,a3c8ca47-cf89-4a85-9188-dfff5ead93a7
"Freyberg, Veronica von",FEMALE,a32d10f1-70c6-4cbd-a230-63daf849e953
"Albersdorf, Helena von",FEMALE,9b501e93-cd77-4a89-8872-7026c77d5611
"Vöhlin von Frickenhausen, Hans Christoph III.",MALE,98d8cbf3-977e-44c6-bf7f-d603dfef4cee
"Stoß, Margaretha",FEMALE,922be943-baca-4ce9-b2b0-4a53933d4736
"Vöhlin, Konrad",MALE,86fbcf84-e5f5-411c-9359-52812c257f14
"Welden, Maria Johanna von",FEMALE,7836c918-034e-4f11-9678-60c98fcd8f4b
"Huter, Margaretha",FEMALE,643ba9c0-92ed-42df-abb4-1889c8359cf0
"Vöhlin von Frickenhausen, Erhard, d. Ä.",MALE,51418dd8-0b7f-43bb-a2d9-645b950df845
"Vöhlin, Hans (Konrad)",MALE,4360c94b-f842-4943-b84b-12af56166b02
"Froimont, Johann Clemens",MALE,c868ccf1-c857-4233-8d72-3652a993cb58
"Zeller, Franz",MALE,0e907b78-0113-4748-80be-07b8e1b42fc0
"Lamine, P.",MALE,4c00761a-52b7-46ea-a3a6-0dc450b1727c
"Pedetti, Francesco",MALE,e11211fd-bd48-44c2-ba97-91a086e95749
"Stier, Josef",MALE,e3329969-27a9-41fc-acd7-fd3fe46d7894
"Morath, Johann Anton",MALE,c42391eb-a051-420f-adf3-eef2d2283966
"Beinthner, Johann Gottfried",MALE,edf56429-f47f-4783-b894-a9f5f87e45d1
"Baerna, Giovanni",MALE,a7cdbb9b-c7d1-418b-b00f-4cf61f94d17e
"Gebhard, Johann Jakob",MALE,af95c9c7-a56e-416e-8e84-c5885f52013c
"Schrottenberg, Philipp Dietrich Franz",MALE,fad54ddf-6eb7-48b9-a5b1-8803bb2b473b
"Schrottenberg, Otto Philipp",MALE,0e502e91-01f9-4ca5-8ff6-cb20573d6165
"Albin, Conrad",MALE,a6f63f9c-12f7-42c8-bc23-347ab866591c
"Heußlein von Eussenheim, Anna Katharina Sophia",FEMALE,2f41198c-b634-4077-9e4f-60d07dc3d336
"Beinthner, Johann Christian",MALE,0b78e114-64b2-4c95-a515-767d9a8c2080
"Lehr, Hans Wolf",MALE,292ebcdb-1f16-4461-a779-2dfa97068a45
"Dichtel, Franz Joseph",MALE,088d0345-f975-4293-b431-24be3fd4b4c5
"Häußler, Bernhard",MALE,d633c605-9abf-4665-b022-76976a87e6c5
"Kunzelmann, Adam",MALE,e2cd2d33-7150-4ead-bfaa-8cd8bb00f3cb
"Stahl, Johann Georg",MALE,2660b80d-757d-40d9-992d-7bb1a71f3c98
"Franz Anton, Hohenzollern-Haigerloch, Graf",MALE,cc540255-f129-4cea-aca4-95c3f77c1fbf
"Meinrad I., Hohenzollern-Sigmaringen, Fürst",MALE,b3916818-6d5a-4651-aec6-84cbcea56294
"Christoph von Hohenzollern-Haigerloch, Graf",MALE,a4cfac1b-d15e-426d-9abd-746beade90f4
"Schütz, Nikolaus",MALE,2d5e08c3-60bc-4d40-8ed8-dab08fe56834
"Au, Andreas Meinrad von",MALE,e6b65816-b19b-4d23-8111-db1a503dff94
"Joseph Friedrich Ernst von Hohenzollern-Sigmaringen, Fürst",MALE,e42fa520-08ad-4ebe-be86-2a62f8b548ae
"Katharina, Hohenzollern-Haigerloch, Gräfin, geb. Prinzessin von Welsperg und Primör",FEMALE,b40d84f9-a7d6-4af1-8ce4-8976c638b471
"Maria Theresia, Hohenzollern-Sigmaringen, Fürstin, geb. Waldburg zu Trauchburg",FEMALE,9da81551-cdc6-4474-9f9f-ac1580eb5ddb
"Stockher, Hans",MALE,9aacec9f-d7a8-4d72-b99f-7bf2da29899b
"Großbayer, Franz",MALE,175b1c7b-2002-44ab-b587-bb04541fd736
"Hobs, Franz Magnus",MALE,5f59ca0f-a53e-4d4a-8021-8f04e5da65d8
"Höfer, Johann Georg Ludwig",MALE,b39cebf9-2da9-4944-812b-b2607b5cbc06
"Kaltental zu Aldingen, Georg Wolfgang",MALE,4847e540-c8c3-11e9-bacf-4d9aa20dadba
"Kaltental zu Aldingen, Heinrich",MALE,1fd0de60-c8c7-11e9-bacf-4d9aa20dadba
Franz Arnold von Wendt zu Steinheim,MALE,a9dda58e-6a9b-44a1-abba-bd515e6ba2a4
Wendt zu Crassenstein (Familie : 14. Jh.-18. Jh.),,48c2f7e2-0a11-4e06-8d33-d01d37702374
"Trocke, Jacob",MALE,002c2a52-b2e6-4195-848e-bef27adcf8af
"Adelmann von Adelmannsfelden, Joseph Anselm",MALE,d2b58a34-d2a5-4c51-8bb1-ce008d7e3d91
"Adelmann von Adelmannsfelden, Johanna Josepha, geb. von Reischach",FEMALE,14933d2c-7fb5-42d7-b8ce-2b5c095b43f0
"Nieberlein, Johann Nepomuk",MALE,dcf9b2e7-3fbe-490b-8de9-6cca84fbbc62
"Rantzau, Heinrich",,d8625f67-0150-4c0e-904e-42f42ce64b9e
"Albers, Laura",FEMALE,c62f81f7-848f-448e-93dc-0f71cc74b641
"Catenazzi, Andrea Domenico",MALE,a4dd964e-860b-4289-ae98-b9481fcb244d
"Plato, Hippolytha Agnese von",FEMALE,c11384d0-c59d-11e9-9b89-139a7d3e65b8
"Marenholtz, Georg Wilhelm von",MALE,8a5d2bd0-c59d-11e9-9b89-139a7d3e65b8
"Büchner, Dieter",MALE,285167b9-fe34-4ed7-a70c-9be2d4ea35cb
"Schleicher, Franz",MALE,cc13f19b-e4e9-4e87-9105-b3959cb45462
"Röhlein, Wolff",MALE,57d2eb88-55df-4180-9800-f914c1b5d95f
"Ebert, Hans",MALE,b16a891e-4c33-44c3-833c-6e63488449f8
"Wolff, Hans",MALE,c6cf5ff0-fda0-487e-b569-fdf8f349d20e
"Reincke, Hans",MALE,0c0272b1-868c-4872-a3d9-49ac43af9d4c
"Schröder, Ernst",MALE,636e1af3-737f-4b6c-93b2-864f806725b9
"Ahlefeldt, Jürgen von",,c6115891-4f13-44c0-9064-4eccea5b6f12
"Wisch, Melchior von der",,97b44684-165e-43bd-86ef-54900d4f9180
"Ahlefeldt, Bendix von",,7e40fea3-c9f8-4893-8afe-cc01ee2118c3
"Ahlefeldt, Johann Rudolph von",,484bf4eb-adf9-4bb1-a31b-980157a4efad
"Hemmer, Johann Christoph",MALE,ca0f25f9-1205-444c-add3-5b128c372b87
"Lucchese, Carlo Domenico",MALE,9a978a84-8994-4756-9541-58097236986f
"Lucchese, Bartolomeo",MALE,396f8b3d-6b1e-46c2-ab5b-a43382ffcb99
"Müller, Johann Heinrich",MALE,ee94728d-a482-4c88-ae43-e64b87caa89e
"Carbonetti, Domenico",MALE,afdff848-fd58-4557-9d58-155c03ac8e9e
"Susanne Elisabeth, Sachsen-Coburg, Herzogin",MALE,dc872aed-3104-4a3c-8ae5-f949cca19780
"Tagliata, Carlo",MALE,5214f4fd-0726-45d2-93d4-38bead99fb93
"Cardorata, Domenico",MALE,ab08e3dc-58e0-478f-adb1-a1751a9661ca
"Servi, Antonio",MALE,1bcebceb-6ca7-479a-8081-2982ba99e36c
"Perrault, Charles",MALE,6dd2ce4c-cf14-45d0-9feb-a0c92bb97d71
"Carcani, Nicola",MALE,798bc451-2111-4f31-92ad-623fa7ae48c1
"Rossi, Girolamo",MALE,38421a84-2a8d-4b83-b840-33785cfc8d3a
"Mengersen, Bruno Burchard von",MALE,dd1f9ee7-5e1d-45f5-a5d5-2b90c248042c
"Mengersen, Franz Josef von",MALE,941b08f1-dbae-45e2-97d7-17bc0391d27a
Gräfin zu Münster-Ledenburg,FEMALE,2e75b55c-864b-4c7a-a289-2719fdba2ede
"Kopp, Gottfried (1652–1723)",MALE,ae6bb76a-8459-4ae4-8796-c8a7892b4028
"Bauer-Wild, Anna",FEMALE,972c5774-948d-4376-8868-cf2d7bbc5588
"Grof, Guillielmus de",MALE,5b0be70b-eba0-4d86-827a-f5817b3c13f0
"Gumpp, Johann Anton",MALE,f8355d69-f2c3-46c9-921c-f82e199781d6
"Senf, Walter",MALE,c51368b3-098b-425f-b53e-3d02d397bd99
"Bäcker, Anton",MALE,c285a8bd-4df0-43cf-97b6-200de6616821
"Hascher, Johann",MALE,9faa5d0b-8ccb-43c2-b96f-08d73de6e8e1
"Hörmannstorfer, Ambrosius",MALE,9177f689-f78f-4519-8a95-856c7118e29d
"Söker, Franz",MALE,7faa3ce9-4a74-4516-ae02-d5c6cd5e6f9e
"Schulze, August",MALE,6dfe34a5-5e24-4c05-9611-8a47244e1489
"Stephan, Karl",MALE,675a7648-d966-4b63-8d56-afcdcfca6af8
"Groß, Eckart",MALE,43d75050-ef91-4e15-a5cd-c2b85b8f9793
"Maximilian II. Emanuel, Bayern, Kurfürst",MALE,5c64ec3f-7c78-442b-9536-a23be7389a78
"Pichler, Johann Adam",MALE,9e63f4c5-6911-4804-b9dc-988dfb588f05
"Effner, Joseph",MALE,e997c510-5030-4309-9a36-eaddddd58a64
"Werthern, Johann von",MALE,cf01c1a7-8fbc-442e-97b7-b92fa4abf085
"Stange, Florian",MALE,c2f1eab7-aad5-4f96-b97c-53c5fc9ae375
"Stange, Heinrich",MALE,890d2fc0-3143-483a-b282-ebb051edf6c8
"Stange, Kaspar",MALE,357110b9-335a-4abc-bea9-ff6545047a05
"Werder, Joachim Friedrich von",MALE,44ce6f18-425a-4b0e-87df-a4551af35f6a
"Gaivan, Lilia",FEMALE,f03dead2-a316-4f1c-af06-90caca634667
"Carlo di Cesare, del Palagio",MALE,edfd08e9-ac24-4044-b57a-2fd6f3063dd5
"Ponzano, Antonio",MALE,edb981e1-c3a1-49e7-8706-ec2158e9a8ca
"Paduano, Alessandro",MALE,b078965f-a34f-4617-93e8-d3be78aac94f
"Geiger, Franz Josef",MALE,054a5008-09a9-4b87-a4fb-a6ed2ebda7fb
"Ferdinand Maria, Bayern, Kurfürst",MALE,5b3380d3-cbf6-46a7-b035-69a82c769816
"Ludwig II., König, Bayern",MALE,2fb67422-1cb3-4313-be4d-57521a0bbe73
"Renata, Lothringen, Herzogin",FEMALE,739b3e64-aeb6-47de-be57-a3b6c72c8db7
"Ritter, Johann Heinrich",MALE,6416abf0-5fd6-45ac-9f80-ab56a507730f
"Vogel, Benedikt",MALE,6ba7b75f-7379-43ea-895c-309938878533
"Freyberg-Eisenberg, Franz Joseph",MALE,c7b05292-e2fc-479d-a348-e3ea3404e2f9
"Bluem, Abraham",MALE,b4c0ed8d-d58c-4caa-aa35-f0cd83dc77ba
"Dietrich, Johann Friedrich",MALE,e77e7e62-7545-434b-817b-073db39bd65a
"Dietrich, Johann Heinrich",MALE,a01b013d-250c-4e95-8fe7-9e22a0ad1a91
Friedrich Otto Graf von Dernath,,dad274f7-246b-44e6-b49e-568c2fab2ae7
"Simola, Johann Gottfried",,b86fecc5-8fd5-4cf1-a86e-5ea8c34e15ec
"Brenken, Ferdinand von",MALE,c4c410f5-d099-4313-9aa0-4a97cb1c0f05
"Wurmstich, Nikolaus",MALE,df0080c5-83c1-4679-b988-6230ebf97c07
"Hensemann, Anton",MALE,4a337ad2-891f-4f9b-8af1-9fbfc0abfefe
"Göckel, August",MALE,1fb38dc0-3b87-4616-9bc4-e9bad265c401
"Leinberger, Christian",MALE,c3a8a620-9e7b-4769-b8e5-4d1bfbf713db
"Auwera, Jakob van der",MALE,31aa5a9f-f8ce-4ce3-a0b1-a684ace636ff
"Hessen-Wanfried, Christina Franziska Polyxena von",FEMALE,f49439c3-6436-4038-9e27-3dceff3240d3
"Löwenstein-Wertheim-Rochefort, Dominik Marquard von",MALE,0700c15b-25ac-4cc1-b1c7-c9d786f5b294
"Ferrandini, Giovanni Battista",FEMALE,046d04e3-ff94-4f51-82fb-f890a2749289
"Kreß, Johann",MALE,a610c113-5eb3-47bb-8a99-56276b1bd5a0
"Wicko, Johann Baptist",FEMALE,660c8a68-82d6-4412-9223-e3049e7ebffc
"Syrg von Syrgenstein, Franz Johann Anton, Konstanz, Weihbischof",MALE,fcc67a0d-9f8e-4569-8f2b-cd3ac3e1c895
"Donath, Matthias",MALE,32315a5b-2fc8-4c62-ba00-e36b4497bbdf
"Pozzo, Andrea",MALE,1bdb396d-90c6-4c6f-9e03-b22277abb684
"Geiger, Adalbert",MALE,1262dd81-6455-4f18-9f56-4360d314876f
"Pflugk auf Eythra, Andreas",MALE,f6febccd-f2a8-4392-8ee2-64b51c5b772f
"Pflugk, Carl",MALE,c2ea0021-f289-4228-ac9e-b4e26cd97819
"Draschwitz, Georg von",MALE,616cc4cb-0b1d-438f-a93c-b57d71c4a4c0
"von Hennicke, Johann Christian",MALE,418ae8a0-73b8-47ab-a66d-26c192737f98
"Fuchs, Johann Gregor",MALE,83903e8a-cb03-4649-b119-a93aee7b602f
"Schröder, Christian Albrecht",MALE,4833ae1a-0af0-4339-b3b5-5322796ec5de
"Friedrich August II., Sachsen, Kurfürst",MALE,4bd8fd01-6db9-4882-8aa0-a19486838bbe
"Wetzel, Sebastian",MALE,4b957ade-3c97-406d-809c-e4c246e77ad8
"Theil, Benedict",MALE,2d8d08e6-d8e9-4f81-9c26-1595e4cf7d78
"Huck, Eberhard",MALE,c7b0be3b-793f-42dd-82fa-618e9e7ef768
"Warlait, P.",MALE,88244cf6-451d-4d3b-b229-9663d6b4679d
"Metz, Johann Nepomuk",MALE,86b70114-8b5b-40fa-a36c-09512f113d93
"Lipperheide, Elisabeth von",FEMALE,8fa22404-bc2b-4e2b-98d5-8c94b1afdcab
"Etzbach, Margarete Franziska",FEMALE,6653b8b0-af23-4eeb-9f92-2d6014c755da
"Riegeisen, Peter",MALE,6c53b0ff-e972-48dd-9f15-f6d11be38996
"Waldburg, Otto Truchseß, Fürstpropst",MALE,70352b5a-be75-4e65-89f0-dada86ccfba3
"Gottfried Werner, Zimmern, Graf",MALE,7970d910-704e-44ea-82d0-edfec75969be
"Brix, Johann Georg",MALE,a5d860b1-92fd-4ad0-bd18-2c2b59e21c6d
"Froben Ferdinand, Fürstenberg-Meßkirch, Fürst",MALE,c5427445-016c-4a02-8495-e90583734f44
"Bussche zu Hünnefeld, Gerhard Clamor von dem",MALE,f78fe742-72f1-4de7-8489-444488b3760d
"Bussche zu Hünnefeld, Clamor Eberhard von dem",MALE,59962a7b-cff7-4fed-8faf-dad89a23c7d0
"Ernesti, Jordan",,8c7bdd17-ac3c-49cd-9d16-bc8e91b09ca2
Elisabeth Ernestine Antonie von Sachsen-Meiningen,,412e2106-a262-43c4-91b8-f57c74a2e4a8
"Kroll von Freyen, Johann Anton",MALE,3ac02354-6d49-41ff-a456-0591e2444bbe
Unbekannt,,f87e154b-a754-4141-996f-7c49fe09d9e1
"Mörsberg, Peter",MALE,cbac1ff5-7d4a-4aad-942a-0890ac7b48f7
"Mörsberg, Joachim Christoph",MALE,a50ac57f-f388-4737-a398-8930fc9725e0
"Paerna, Carlo",MALE,f0c19eba-ffba-4b46-a017-9e53afbca701
"Weichs zu Körtlinghausen, Franz Otto Freiherr von",MALE,7e43f86b-6f2a-401f-9e51-15bb1fa0dc41
"Wedemeyer, Johann Conrad",MALE,9d484e38-b97a-40db-8b4b-9c40b4e9387c
"Federlin, Tabea",FEMALE,3e37aadd-fd64-4d84-8f34-b11614a9c862
"Speth, Joseph Maria von, Freiherr",MALE,c7ee62e4-6d5b-415a-a6af-e9f3f7a765a4
"Maini, Andrea",MALE,c2103c44-eb08-4a3f-aa86-54ab809d61f9
"Wasmer, Jacob Johann von",MALE,de629599-2dac-446f-9183-cac1ad2266e3
"Salm-Reifferscheidt-Dyck, Franz Ernst zu",MALE,e3053d99-7296-4983-9081-f500ce037c8a
"Salm-Reifferscheidt-Dyck, Franz Johann Wilhelm von",MALE,d5dd988b-9711-4ff4-b501-b01b29d9425d
"Salm-Reifferscheidt-Dyck, August Eugen Bernhard von",MALE,87a53d9d-f653-41e2-8224-902de9402d31
"Oertel-Pohl, Christina",FEMALE,e4e662e6-d49b-4b34-9fe6-94da8622ca3d
"Raab, Christoph",MALE,8c889787-2006-4ba4-ba25-b51e6fd89243
"Manni, Paolo",MALE,bfadc94b-d8e5-444e-8d7d-81ffc5f81f2b
"Farina, Pietro",MALE,317e1da5-9ea9-4607-bbd5-64915a93179e
"Caccioli, Giuseppe Antonio",MALE,17c6f0bf-bd3d-40d0-844d-cba48558283f
"Kratochwil, Johann Adalbert",MALE,600da73c-97b7-4772-917f-dcc1237aa817
"Wurm, Johanna",FEMALE,10d563da-348c-4676-bad1-cd0097312fea
"Schnurbein, Elisabeth von, Freiin",FEMALE,75375cf7-8620-473b-8b03-8883662c398b
"Schnurbein, Jakobina von, Freiin",FEMALE,0c5580fd-6220-4630-bc1c-786b6b63cc8b
"Schnurbein, Louise von, Freiin",FEMALE,a6023fb0-8271-4962-8143-749770de85ca
"Kilian, Magnus",MALE,dab93c5e-3a31-482d-958b-8925df932773
"Philipp Ludwig, Pfalz-Neuburg, Pfalzgraf",MALE,2a63e694-021b-4c4e-8d4b-e63b17bdbf94
"Doctor, Sigmund",MALE,f7d60023-173f-4237-95d3-fb36c693e593
"Riegeisen, Hans",MALE,adbeebb1-c371-46c7-ad53-cba6552d1438
"Vältin, Gilg",MALE,3c084e00-009e-43f2-a1b3-e421194f932f
"Grieneisen, Leonhard",MALE,3d0f2d0c-5504-41ae-9bca-3f066d5fa1e9
"Brockdorff, Heinrich Friedrich von",MALE,b28a1a7c-b07e-4328-901c-60455a617c4a
"Karl Albrecht, Bayern, Kurfürst",MALE,bb30449a-b04e-4ab2-b7d9-fccefaa246d9
"Riesenberger, Johann Moritz, d. J.",MALE,389f8647-0641-44a3-a88d-c77215519b7b
"Fugger von Wellenburg, Joseph Maria",MALE,44a4f7ff-9148-4dca-b775-527f0de4be69
"Henkel, Johann Georg",MALE,03e6cee6-ea35-4656-938e-a6c7564b548e
"Finsterwalder, Johann",MALE,eb145956-8070-4091-ac1f-df7fdfcc17a7
"Walter, Severin",MALE,b6f57f50-0664-40c6-ab94-a78bddae616d
"Schloßberger, Georg Andreas",MALE,ff1b0333-79ec-4bca-8d4e-bc6f3a8a8959
"Schloßberger, Peter",MALE,998436df-d749-41bb-a213-a0993a3f97c4
"Merz, Johann Michael",MALE,e2c6d8f5-77bf-44e6-bea9-ed8542878f89
"Angelino, Carlo",MALE,b6806257-5774-4603-a31a-bd6356b42940
"Oettingen-Spielberg, Ludovika Rosalie von",FEMALE,ef788ee4-1fc8-46aa-9f7b-84890b0ce317
"Weiß, Matthias",MALE,013adbc6-786f-461e-b5fe-109d27eec2c5
"Schirmer, Jan",,e57eda28-d92e-4075-a8c0-a78c00e95a77
"Johann Georg II., Sachsen-Eisenach, Herzog",MALE,bb48613a-00c1-4a5b-9a21-477d1d1eeadd
"Sophia Charlotte, Württemberg, Herzogin",FEMALE,280042dc-b6d3-4931-9e00-ca9a14ecddb1
"Kretschmar, Melchior Emanuel",MALE,722d408b-141a-49ec-a9ef-b2aeb5699f22
"Carcani, Giovanni Battista",MALE,0f7da4e1-71fa-449d-8b8b-aef062b7c61b
"Stern, Hans",MALE,01bd25f1-8255-409d-910c-7dcd399a1c6a
"August III., Polen, König",MALE,136cf459-9b42-4527-a5cb-a51857369882
"Heffter, Heinrich von",MALE,060eccbb-2bcf-46a4-831b-67dbe64ab0ee
"Prescher, Nikolaus",MALE,6392193c-9362-4dbb-a64a-30e6805c56ee
"Grumbach, Wilhelm von",MALE,d70fea96-e847-45c4-906f-107eb284bccd
"Neydecker (Neudecker), Georg",MALE,3ffd1eb9-dab0-4c79-9d05-274b51ef9591
"Kageneck, Johann Friedrich, Graf",MALE,be9c27d1-006e-4fbc-8034-4e30246b3868
"Kageneck, Johann Friedrich Fridolin, Reichsgraf",MALE,a660042e-5df6-42f4-bbac-b940a793c876
"Kageneck, Maria Anna Franziska Eleonore, Reichsgräfin",FEMALE,767822da-3ff6-4157-b5bf-54093593491d
"De Groote, Nikolaus",MALE,d1141676-1741-42b2-8e10-c0a3e3040512
"Groote, Maria Franz Jacob Gabriel de",MALE,9431b304-7695-4019-b60d-31351a73c137
"Picotrius, Peter, der Jüngere",MALE,8c528040-c5aa-11e9-b229-6b499a37f581
"Fischer, Casimirus",MALE,a0a8ccc0-c5aa-11e9-b229-6b499a37f581
"Merck, Johann Michael",MALE,f8e63b25-2344-4437-8f36-f0f4c4cb2e93
"Sartori, Carl Joseph",MALE,20b8672b-9990-4e0c-9470-04f80b41c1fb
"Hutten, Johann Philipp Friedrich",MALE,8756a458-2e8d-4111-9a37-583b4ab4d37a
"Hellmuth, Bernhard",MALE,847de3c6-cd10-439c-b52c-253f65e7a9cf
"Rüdt Collenberg, Anna Benigna",FEMALE,cc977c23-5b9e-4bb6-b831-4442efb3ab58
"Bocksberger, Melchior",MALE,6537c8e3-cdfc-4352-be51-24e6a852fde5
"Bocksberger, Hans, der Jüngere",MALE,0cfe8237-a111-48b5-8fdb-9b1a8b0af220
"Egkl, Wilhelm",MALE,51bdf39b-471e-427d-82c5-2eeade2ac1d3
"Schrader, Heinrich",MALE,5cf47ce1-cda9-4084-8476-27c1241b94d8
"Vogel, Johann Christian",MALE,26e9bca1-b448-4439-b865-82517dfa50f0
"Müller, Tobias",MALE,14903639-37bb-4959-867e-4d33560d5055
"Moretti, Joseph Pasqualini",MALE,246d6bbf-0216-4b62-b04d-348e2d25dc93
"Rollenhagen, Gabriel",MALE,3fca2176-085d-46ca-a688-fea8ec547f00
"Schleinitz, Dietrich von",MALE,0e6f1f10-eed3-45d5-af7e-4cc6bb66fc6f
"Caroveri, Giovanni",MALE,ea67c245-4885-4612-a3e2-267887e2084c
"Kaltental, Georg Christoph von",MALE,7ea82ad1-b69f-46ae-b863-b2c23c34ebdd
"Kaltental, Burkhard II. von",MALE,53804dc1-145a-4c45-9a6f-d8d0abc34a4f
"Michel, Johann C.",MALE,f304982a-87b7-4278-aec8-e2b8c2612256
"Güldner, Johann Michael",MALE,940a41e1-7c06-4e62-b97a-4db31fedd717
"Brühl, Johann Nikolaus",MALE,5824eba4-ea0c-471f-bfd1-31ab684dd591
"Deyssinger, Johann Leopold",MALE,6cdbc51d-ea1f-41d4-bcb0-3bb782c8533e
"Weißer, Katrina",FEMALE,ed26f4b0-c7fc-11e9-b70b-d3ef6d0103b8
"Vischer, ?",MALE,c6e57a6e-4350-45c8-8a15-e91673db1708
"Kreittmayr, Wiguläus Xaver Aloys von",MALE,be1a2c47-f62b-4101-aa5d-277c2e22d788
"Notthafft von Weißenstein, Maximilian Cajetan (1732-1794)",MALE,d9432972-1e17-4f0f-8fa9-9a8d82bdf5cd
"Notthafft von Weißenstein, Johann Sebastian",MALE,bf2814eb-e9c8-43df-9b8d-063d08dddaa1
"Notthafft von Weißenstein, Georg Christian Cajetan Ferdinand",MALE,4ef165c2-b80f-4d1b-8d4c-ec8163917bc1
"Hoyer, Dietrich d. J.",MALE,2e03887a-d738-4584-9812-e967c81125e7
"Philipp I., Hessen, Landgraf",MALE,c2ed45ac-63c8-4c5c-b6d8-1ce7966c9a4d
"Wilhelm IV., Hessen-Kassel, Landgraf",MALE,b0744eec-4a34-4fc9-9df5-1b186b6d3bec
"Wilhelm VIII., Hessen-Kassel, Landgraf",MALE,738cf201-4aff-44a3-82ef-f757ed19592a
"Riemenschneider, Antonius",MALE,84637db4-69ba-4c0f-88c0-0c19741c71f6
"Marie Amelie, Hessen-Kassel, Landgräfin",FEMALE,2ae6e176-cd8a-4c43-a9e5-b86846417da1
"Raufft, Franz Ludwig",MALE,0114ec66-7eef-4959-9f77-9483b24adbd2
Homagius,MALE,43fb2d0d-2d13-4795-a9b3-957376fafbea
"Helle, Oliver",MALE,c2ae0a49-bbc9-4ff1-a369-e062f681f160
"Schleinitz, Hans von",MALE,d20b63ab-7568-4a87-a72d-d7d43842d8c4
"Thumbshirn, Wilhelm Friedrich von",MALE,1edc3ee2-46ec-41db-b86e-1680957d34f8
"Miltitz, Hans Dietrich von",MALE,0f3be054-4190-4f9e-96df-33dacd249cde
"Flemel, Hans Leonhard",MALE,31276c2d-cbc5-48d3-a004-58941bfca48b
"Offelen, Heinrich",MALE,82e87b25-8884-42d9-9c6f-779ab51b45f7
"Camerarius, Joachim",MALE,2300b1d8-3988-48d8-896c-b357a2306f67
"Saavedra Fajardo, Diego de",MALE,1173d50e-305b-488b-b36a-e57bce1636ce
"Scheitler, Anton",MALE,051db01a-6deb-4a77-9395-6cb232165914
"Closen, Antonia Catharina von",FEMALE,6627eb02-b6e0-49c1-865d-294afce9893f
"Closen, Georg Cajetan von",MALE,634deed2-2bac-4458-8da4-c242a45d9379
"Wintzingerode, Heinrich Jobst von; 1628-1677",MALE,b404cee7-d250-44bb-9514-fa9d1efbe567
"Winztingerode, Adolph Ernst von",MALE,77d72707-1248-47da-836f-e05944c38f79
"Wintzingerode-Bodenstein, Wilko Graf",MALE,585d4850-d2ee-40a6-9ad0-d9319c5f2b0d
"Hochfeld, Johann Christoph",MALE,209ac4b9-69e1-4f93-aafd-ed2c9403961a
"Giesler, Johann Conrad",MALE,75026322-a854-41f5-a016-044c0a0681ac
"Schlüter, Andreas",MALE,e8263487-f863-45a2-a524-174904ea6230
"Dubois, Charles Sylva",MALE,2f1300ae-7cc0-416d-85f2-a4892bcacbe8
Seidel,MALE,0a608fa5-3b4f-4afd-b3ca-8f20722af992
"Niedlich, Friedrich Gottlieb",MALE,eef3a3cd-64c4-47f8-8c03-358fd4408e47
"Elisabeth Christine, Preußen, Königin",FEMALE,a1186ac2-f1e7-4fc1-aec0-5bf52ac1e8c4
"Niedlich, Johann Gottfried",MALE,8ec10dd1-1663-4028-bd3a-429aed355ee6
"Balconi, J. A.",MALE,c1b1b381-e697-42c7-9d47-504c746489af
"Döbel, Johann Michael",MALE,f41f5f38-a81a-41d5-b90c-6e9d5c7b8626
"Hulot, Guillaume",MALE,c7310baa-14d3-4279-b3db-f38b1b05d909
"Charpentier, René",MALE,01bc1e5b-ad6f-43d8-bafa-f54b7144f96a
"Luise Dorothea Sophie, Hessen-Kassel, Landgräfin",FEMALE,73314feb-45f2-40a5-a8ee-4bcd11c0220f
"King, Charles",MALE,cc619c97-6505-4313-9c7f-0179fdfc2337
"August Wilhelm, Preußen, Prinz",MALE,8d9c55bc-2874-49d1-8710-61b8040add6f
"Meaux, Jacques de",MALE,acddfa17-b9ba-4cf5-9e8b-039a99926d37
"Wieling, Nikolaus",MALE,bb41bcbd-60f2-4ae7-af6d-efc2e8a8df06
"Rempe, Nikolaus",MALE,6c4b04c3-c640-4b27-bb8c-6062830c22ae
"Schwitzer, Peter",MALE,40c4845b-5bff-4bb2-83c7-1069fe6ad1c1
"Petzold, Johann Christoph",MALE,aa9eb86a-7fe9-4865-b329-4bdc7b602515
"Verdeil, Franz",MALE,91262326-889e-4dc6-a6bd-f06d4dd1944f
"Giese, Benjamin",MALE,5a2cba76-d513-4e67-923c-55d1773110bc
"Marini, Johann",MALE,81674544-c7db-4d56-8912-ff525c379f5c
"Bader, Joseph",MALE,d2c3d6e0-b382-4cf1-8a32-6d4295f96130
"Gebhard, Johann",MALE,d3474412-7c35-4e64-98ad-21bea80aa94c
"Block, Benjamin von",MALE,cb7fd9c0-1108-4a0a-8b4b-897b45d88505
"Gebhard, Otto",MALE,ab1a355d-bb33-4d35-a2a2-37569ebce07b
"Harrath, Joseph Anton",MALE,a1a444c4-e77f-4748-a71a-b193bfc7a4ae
"Müller, Johann Adam",MALE,a13ce820-d057-4eb9-8d0c-fd88de5fbd06
"Heybel, Jakob",MALE,624c5558-d0dd-494d-8530-9b6ebd16ce83
"Waterschoot, Heinrich van",MALE,036d32ee-57a7-40ba-b654-83688481a412
"Diesel, Matthias",MALE,5ff7c498-68a7-40b3-91eb-4f5740657910
"Königsfeld, Christian August von",MALE,f33ef2ab-4952-4d59-8071-fb67594e14c3
"Königsfeld, Johann Georg von",MALE,113699b2-38bf-43e5-9b18-560f45eb9f14
"Zuccalli, Enrico",MALE,2f3128f3-1a03-48db-acfb-8aa3dc3513a3
"Dyck, Anton van",MALE,c68644f5-3532-46d2-a9fb-cfff9c5582c7
"Caminada, Michael",MALE,53819529-ae76-4d49-a320-62b3fbeb5d4c
"Closter, Sophie Luise Charlotte von",FEMALE,37b1974b-69b6-464e-aeb0-f64278c64ad4
"Ledergerber, Johann Ferdinand",MALE,0567ee50-c4db-11e9-b73c-931fa1e429a3
"Kobler, Johann Peter",MALE,ddf28050-c4db-11e9-b73c-931fa1e429a3
"Gerstens, Jacob",MALE,ad96da10-c4da-11e9-b73c-931fa1e429a3
"Paul, Ignaz",MALE,74342910-c5c7-11e9-bae7-59743fb301a8
"Lehrbach, Franz Sigismund  1729-1787",MALE,adf9e10c-c0b7-4b9c-95f9-0617c7c7c93a
"Karl, Lothringen, Prinz  1712-1780",MALE,af8a3383-f0ed-4985-b83a-ff5ab9d2e167
"Leopold I., Heiliges Römisches Reich, Kaiser",MALE,5cd560ef-2e39-4882-bd41-a3b1f049062b
"Maximilian, Österreich, Erzherzog, 1558-1618",MALE,360cd2b9-9728-4100-bf2e-52ac812a2542
"Riedheim, Maximilian Xaver Freiherr von  (1723–?)",MALE,ef3b8267-0cdf-4b8e-a978-5ecb058bc728
"Thermo, Melchior von",,b5f26911-8e2e-4050-b83d-c3c7c33281eb
"Heinrich, von Zipplingen",MALE,5bc4981e-904b-42d8-91fb-8bf3e12de512
"Böhme, Johann Gottlob",MALE,de773987-b1e9-4477-8497-0612d5b0a708
"Richter, Johann Caspar",MALE,de438859-95be-4c05-a69e-591f3293b7d5
"Cürlis, Peter",MALE,5098773c-61a6-4eef-8950-77eef1d8f68c
"Marot, Daniel",MALE,11d0349c-d8e9-4b48-b0b5-c133679a6a61
"Nicolai, Friedrich",MALE,e4d7fe95-cd7b-460d-af03-6260847d05fd
"Konter, Erich",MALE,75c6b2a3-638b-443c-81d4-e3aa339474b6
"Geuder, H. Fridrich Philip von",MALE,3ebabf49-a269-4a76-a0c2-45bafc763335
"Suden, Thom",MALE,3706693b-c815-42f1-8c71-682f2cd7d600
"Veneziano, Anonimo",MALE,1d515874-68ea-45f0-9c3f-da40f80fa739
"Langefeld, Rutger von",MALE,c09238c1-57ec-42e2-8344-081bb10ea254
"Roll zu Bernau, Johann Baptist von, Komtur",MALE,d5fba077-0d86-408f-8b53-e8525baf96b1
"Cronberg, Walter von, Hoch- und Deutschmeister",MALE,8e84d900-db1f-4bb4-8ae2-bc0125beaf39
"Brietzke, Karl Emmerich von, Komtur",MALE,1367bbad-5c4d-4a42-b2a3-9e97894ae663
"Jochum, Ignaz",MALE,7bb943a9-8af9-4c11-af67-3b1844153d30
"Kothe, Hans",MALE,19b2b947-367c-4b06-98f2-3acbf3241693
"Keller, Johann Michael",MALE,01024540-2caa-4d74-a86e-8f8677868657
"Buseck, Johann Christoph, Komtur",MALE,d99996a3-2500-4967-bf52-e815134a0f5a
"Häffele, Franz",MALE,9ff218b3-e08a-471c-8ca6-cd49da8479c4
"Widmann, Genoveva",FEMALE,b790d5e4-244f-4642-af59-b33105bd11c7
"Schnabel, Johann",MALE,8122bff9-761a-4ea7-b15b-4584bacde534
"Bieler, Justinus",MALE,82ead28f-296d-4dbe-b7a0-327ddf370107
"Keßler, Johann Georg",MALE,9653466c-7637-4ef5-b0db-10908a5b9bae
"Christian, Sachsen-Weißenfels, Herzog",MALE,30b4d101-c278-421b-83e9-72bf6ff2ec24
"Johann Georg, Sachsen-Weißenfels, Herzog",MALE,1f9ebcb9-3b27-47da-82b7-d4116bb3785e
"Mützel, Johann Christian",MALE,6f615fc0-17a0-4278-b758-17275c624dc1
"Buchau, Johann Conrad",MALE,3601daf5-d374-40ca-80bb-52aaf9575dc5
"Frantz, Johann",MALE,98b57814-6c6e-468f-9dd5-efbf580f7cad
"Müller, Bernhard",MALE,0ad47919-c448-44c1-b51e-c661777cc829
"Bachhun, Andreas",MALE,054bfdef-dcaf-4c87-aca0-8281033936a0
"Minetti, Francesco Domenico",MALE,fb65b0db-d32f-48e9-b1dd-d0a8ab0b44f8
"Hopffe, Georg Friedrich",MALE,32f92957-afab-452b-806c-50b96a2cbf70
"Minetti, Abondio",MALE,26b5d16f-4264-4a61-bb25-6095c5a4f122
"Kutschmann, Max",MALE,efa46ce2-ba5e-4cbb-b91e-4bac7467b4a4
"Mateyerlein, Andreas",MALE,3cb18027-e58f-40c8-8822-87fe10299b5b
"Oetken, August H. H.",MALE,2d6a313d-89be-4058-a17c-9696153a8984
"Breitenbauch, Christoph Adam von",MALE,ce5c2c18-33b5-4f08-8d6f-40d4f65eebfa
"Bronner, Michael",MALE,8928a791-c9a0-4e13-999e-ffc6aadf5aa2
"Kirchmayer, Ferdinand",MALE,c6160f76-a842-4346-9cb1-cb8fbeefc0b3
"Kaufmann, Jakob",MALE,34ec4938-71ac-4425-8b94-9bfb4ebd3908
"Boy, Daniel",MALE,f124adf5-8a5c-4444-8543-ed55ab15de16
"Charlotta Amalia, Nassau-Usingen, Fürstin",FEMALE,2164539a-9748-44e1-849d-c92061b4eaba
"Faber, Johann Wilhelm",MALE,9d9dba87-6ff9-4647-aa2b-1ed7523dbdba
"Ignaz Servatius Roll zu Bernau, Freiherr von",MALE,e3ca1cdf-4882-4477-a204-8ae2281405ab
"Reinhard Ignaz Franz, Schönau, Graf von",MALE,6d237578-2fed-4b58-a03a-44bddc864993
"Elisabeth Friederike Sophie, Württemberg, Herzogin, geb. Brandenburg-Bayreuth",FEMALE,1622e8a3-fdda-4ad8-99da-dbdd0b2f3304
"Stößer, Johann Peter",MALE,8447c05b-c4f8-4ac0-a273-e0ebfc5b49c2
"Tardieu, Nicolas-Henri",MALE,26adf62a-7a64-4308-ac85-884639b4d268
"Manninger, Karl",MALE,025f0273-d978-4645-9fba-29d9e63aed97
"Barocci, Federico",MALE,563cccfc-141d-4ce0-b248-ed9378f63dcf
"Aemilie Antoinie, Oldenburg-Delmenhorst, Gräfin",FEMALE,69d6518e-d433-4fc6-a543-a80ce5d1f985
"Henning, Christopher",MALE,b3625d39-a523-41b0-835b-8f7d5f6d6496
"Siegfried, Johann (Hans) Heinrich",MALE,7ea903a1-ee3e-4cff-87aa-5002d81a6335
"Bergler, Joseph, der Ältere",MALE,970cb2e9-3677-433c-b4b1-74c19c1e9bbc
"Modler, Melchior",MALE,eacf15b5-d08b-478f-8af0-11c1db3c5290
"Modler, Kaspar",MALE,ca721c24-2029-48d6-afad-2111db362097
"Modler, Joseph Narziß",MALE,210b44ab-89bd-4908-9245-e6f154ed8d69
"Lamberg, Johann Philipp Graf von",MALE,dbac5a40-c7e3-11e9-91e0-9bbdba1c3ce9
"dʼAngeli, Domenicus",MALE,0da23d95-aff1-4910-9993-c33321df5f8e
"Franz Dominik, Altensumerau und Prasberg, Vogt",MALE,fea967df-b50d-4e17-af7d-1e0775c565d6
"Maria Clara, Altensumerau und Prasberg, Vogt, geborene von Hallwyl",FEMALE,76dba406-3632-4bee-a85d-625825190119
"Reinthaler, Johann Carl",MALE,da812d06-00da-4ac9-98e7-97c094889394
"Cramm, Freiherr",,e10e4ef0-6e03-11ea-abfa-a5e9beee4aba
"Pfalz-Sulzbach, Joseph Karl Emmanuel von",MALE,ee7a56f4-ff34-47db-948f-6e50afa1404d
"Simen, Sieke",FEMALE,5568a0cf-3bb4-4f5b-939c-f84fff4b7860
"Simen, Claus",MALE,13da6173-f482-4aa9-9fe1-1fdfc2028de2
"Drawer, Gustav Wilhelm",MALE,c82759ac-273f-4c39-9091-8d76c42ba93d
"Höchstetter, Joseph",MALE,aa3a9c7f-73af-4381-a43b-edfe3d3e2273
"Wolcker, Johann Georg",MALE,19931cf3-0e55-4acc-899a-9d4254b98b31
"Mayr, Thomas",MALE,ff74a502-9eb4-4184-95b1-acf332125355
"Holzapfel, Joseph",MALE,bf9883e6-b2e3-45a1-a5f4-b7baca2d38b8
"Rothmiller, Simon",MALE,e192f447-dcad-4253-828d-2c6e2da72db2
"Bys, Johann Rudolf",MALE,961422a3-f600-49d3-9d90-ffa28e512583
"Maria Anna Leopoldine, Thun-Hohenstein, Gräfin",FEMALE,a9a4af9e-1758-43a5-96ac-1ab83e98f3e8
"Franz Xaver, Montfort, Graf",MALE,30b51342-dfd0-457b-b968-356e140e4a05
"Anton IV, Montfort, Graf",MALE,d07d85a3-c3b1-4756-80ab-42853da2867d
"Elisabeth Auguste, Schall zu Bell, Gräfin",FEMALE,4321f84d-2ae6-4bc7-8078-b14020f514f0
"Maria Josepha, Montfort, Gräfin",FEMALE,6fd14aae-6fa2-4b25-bec1-1d2aed3ecac9
"Waldburg-Scheer,  Maria Antonia Eusebia, Gräfin",FEMALE,ce3eb04a-830d-4c6b-b725-9ff0eaefb1d0
"Sophie Theresia, Limburg-Styrum, Gräfin",FEMALE,8cc8d4f1-98ad-49d3-b23a-56a58dfa679a
"Dirr, Johann Georg",MALE,650a213e-e570-42ed-83b2-03fb2c7c8144
"Wilcke, Wilhelm Ludwig von",MALE,f29a2112-7f03-4727-a01d-ddf339a81097
"Wilcke, Walrad Ludwig von",MALE,d8ba8586-d31b-47cf-98cf-76a63cbc0d58
"Tellermor, Christian",MALE,49ab3741-bc9c-4875-955e-91eb975df3f7
"Strange, Robert",MALE,89ad4ed8-5fe4-478f-909c-58c92b874eba
"Wilson, James",MALE,367e8d0e-cc51-4776-a880-d134e5607dbb
"Carth, Johann Matthias",MALE,48ea718d-f73b-4023-8c7d-c7cc7181b0e4
"Henckel, Andreas",MALE,7362218f-db4d-41dc-a572-89556b51d747
"Jodefeld, Augustin",MALE,c918cd5b-6833-4873-b2b3-b0df20dbb8e2
"Koppers, Johann Georg",MALE,c0771270-accc-425b-a896-291c9161c858
"Wied, Hermann von",MALE,b0f0689c-ea8c-4f30-8c42-28c6c001fa38
"Erich II., Braunschweig-Grubenhagen",MALE,755c171b-5b9c-4343-9dc6-febcd1899ba0
"Waldburg-Friedberg-Scheer, Joseph Wilhelm Eusebius",MALE,1539208b-e2b6-4331-8132-3720750434c8
"Waldburg-Scheer, Maria Josepha von",FEMALE,f23444c2-e7b1-4fe3-8757-c1ea952a55c6
"Fürstenberg-Stühlingen, Maria Eleonore, verheiratete Waldburg-Friedberg-Scheer",FEMALE,e919e4e9-0a40-4122-8a7f-816009b9e32e
"Schacht, Margaretha",FEMALE,a1b8664d-ae6e-4e09-9f34-df72dc5d50dc
"Weckherlin, Jakob Friedrich",MALE,760fbefd-fea1-471b-87bf-4af65101abc1
"Brilli, Joseph Anton",MALE,e35ea47a-6307-435d-9819-da93ff99395c
"Sandtener, Johann Georg",MALE,218e4a47-7f97-4f2c-91a9-58f2df0d20ae
"Seifrid, Norbert",MALE,c9102a86-ebc4-4914-9c79-10040a7eea6f
"Billieux, Joseph",MALE,33d1f342-e0c5-40a6-8d7a-277a2f116a3b
"Mouha, Joseph",MALE,f6e57e17-c06e-4251-867e-5800fabebc06
"Pfetten, Johann Franz Marquard Freiherr von  (1638–1692)",MALE,ee626c15-c116-460d-bd83-3cc34f668941
"Nothafft von Wernberg, Barbara (gest. 1571)",FEMALE,ddb8512e-42c0-4470-912f-67aab9d3bd34
"Closen zu Arnstorf, Hans Georg von  (ca. 1500-1550)",MALE,5e634e08-e207-4272-b624-f0307d843b65
"Gumppenberg, Wilhelm",MALE,ecc017db-48c7-4a19-ad32-e5c60573f9c1
"Lynar, Rochus Friedrich zu",MALE,df9cf3bf-6b64-48a5-a56f-8496e0e5499b
"Brüggemann, Nicolaus (von)",MALE,bc29fbe6-44c1-4c31-b38f-40fc210edab8
"Thienen, Otto von",MALE,9b8a10ce-1db3-4a07-8750-6252ad88b5b5
"Ahlefeldt, Friedrich von",MALE,8f540ee6-e5c6-4025-bf3b-49e9f1b54fe1
"Terlinden, Blasius Andreas",MALE,51cae932-342e-4078-bc77-eedd4bbef10a
"Tomasini, Tommaso",MALE,2abc790c-b7a2-4332-a5e3-a468bd78b8bb
"Jochum, Peter",MALE,504f1bde-a974-4fd7-9ed4-8dd3fb14d029
"Börel, Johann Jakob",MALE,150fa4f3-1e69-451f-9c4b-fbe30e457cfb
"Schweizer, Johann Jakob",MALE,a60ba96d-e31d-44cd-b5e0-012d7a5f2c40
"Weickersreutter, Johann Philipp",MALE,a0efafdc-a7ce-4191-ac57-50fee847445f
"Müller, Katrin",FEMALE,fa78c637-8a11-4604-8a48-9ba34a58620f
"Böckstein, Böck von",MALE,b475f51e-fbef-44b3-bad2-4757876126bc
"Nagel zu Itlingen, Freiherr von (Familie)",OTHER,9cffa7d5-b91e-4ae8-8045-a0772629bf8b
"Nagel zu Itlingen, Friedrich Nikolaus",MALE,583d70dd-dcb2-4a71-be4e-ea2004766161
"Pictorius, Peter, d. Ä.",MALE,fb057906-9638-475e-8c85-4751c4b9b05d
"Mungenast, Simon",MALE,3bdfed33-7ad2-47e2-a097-e6887cef40a0
"Frydag von Gödens, Haro Burchard",MALE,9551c9e2-1f02-4af9-ab23-2560ffa820b5
"Lutteroth, Jan",MALE,7980e504-995e-4d64-9dee-625812b848b6
Meister Bernhard (Walch),MALE,76f0e0fc-43b2-4ab9-be09-b9594ee3d004
Meister Sigmund,MALE,21cf3e73-f1ae-41ed-b14f-b51e721ec863
"Überreiter, Niclas",MALE,6d3cb66c-9e80-4f8a-b965-5f5afab64d53
"Waldburg-Zeil-Wurzach, Ernst Jakob, Graf Truchseß",MALE,e66097ca-ec25-4f9f-b4f0-73bc9c4fd4de
"Waldburg-Zeil-Wurzach, Franz Ernst Joseph Anton, Graf Truchseß",MALE,59a1e943-f460-44d1-b0b4-895309ae0a5c
"Scotti, Giovanni Pietro",MALE,330b0688-fdb6-451b-a293-04df778056dc
"Giordano, Luca",MALE,d4497112-c3da-4a40-8a69-c412e3d24bad
"Stapf, Johann Peter",MALE,6b149ca4-a099-4882-95b7-276d4c41d696
"Dennefeld, Christian",MALE,f734dfc8-910d-4a45-a5ff-ddc018c8e41a
"Stapf, Johann Kaspar Friedrich",MALE,49545287-4b82-428a-aeee-97e3e48dfe71
"Turwan, Jakob",MALE,5b26397b-53f8-404d-bf70-0cff7c0a2896
"Quincken, Johann",MALE,e0c13caa-4c03-49bc-abe7-de0e2bd89379
"Duca, Giovanni Battista",MALE,18933ea1-6f70-40dd-80a3-9970ea74ea41
"Witte, Engelbert Ernst",MALE,8976cd95-bc03-4572-93c8-039eb3e36cae
"Perelle, Nicolas",MALE,9d07f4aa-1d6b-4f84-9bd7-1efdd4682127
"Poussin, Nicolas",MALE,87a7c3cf-d2c6-4115-9b1f-ef6e82e153d2
"Lanfranco, Giovanni",MALE,ca1641f3-c66d-48c9-aef5-e21dca1d135b
"Blondeau, Jacques",MALE,8800b232-743e-413b-9c7c-652d54edb4b2
"Duchange, Gaspard",MALE,dc1154ca-05bd-41eb-859b-372372d8ffa9
"Trudon, H.",MALE,ed0d2211-a683-4b07-9d85-9675e2ed29d0
"Louvemont, François de",MALE,ec8ed711-c22e-4796-b631-c795a2b20efb
"Doumergue, Louis",MALE,fee82aa8-fdcd-4b58-b5c1-f246d7652b89
"Châtillon, Louis de",MALE,2c86a7f6-18b8-40ae-a367-52344414033c
"Surugue, Louis",MALE,76b28eaa-8358-45cc-80b2-1725b1f5cefe
"Vleughels, Nicolas",MALE,00d181c6-4e26-4741-9561-ff41433de576
"Feldstedt, Hinrich Carstensen",MALE,8187db74-570b-4ad8-a4a5-45bb48dc7996
"Biller, Johann Martin (um 1736–1802), Augsburger Silberschmied",MALE,093cb3de-1f35-4652-92d5-816d718ee03d
"Schorlemmer, Leopold Wilhelm Anton",MALE,0760fe63-e347-49cb-9418-51f168c897e0
"Ortenburg, Johann Rudolph von",MALE,f7683aa1-ef04-4b9e-9a6b-1606819958ca
"Ortenburg, Ludwig Emanuel von",MALE,8374541e-e2ca-435d-b695-5103c3ab90ea
"„(aus) Schärding“, Martin",MALE,3d1976da-2818-4b43-ae83-a8ebccdb2b1b
"Oettingen-Wallerstein, Maria Anna Eleonora Sophie, Gräfin",FEMALE,8876ab08-3a32-49a6-b91e-38c4f1a5cdf4
"Fichtmayer, Johann Wolfgang",MALE,d75ef3d6-d1a8-4f5c-9cba-0d06a4870f8f
"Schickhardt, Heinreich",MALE,8c28f61d-c2c2-4ff3-b7f0-022ec6703075
"Clerici, Giovanni Battista",MALE,f7a2995d-0720-4a26-87e5-d26a430002cb
"Mattern, Carl",MALE,aa6ac54c-f733-468f-9d6f-2158992b42ca
"Eimmart, Georg Christoph",MALE,fd8d2b44-a949-4a43-8922-2c50fd1ffa10
"Weigel, Christoph der Ältere",MALE,d276352a-0bc6-4b8c-93e1-46e107740be1
"Jury, Friedrich",MALE,17489f2d-aa57-4784-b88c-610b266ecd45
"Le Sueur, Blaise Nicolas",MALE,4b5a60a7-78ca-44ab-a126-eeda832c8955
"Closen, Georg Christoph von",MALE,7677acaa-8e64-4096-bcd2-a511a5ef990b
"Thun, Wenzeslaus, Graf",MALE,75074da0-c7e2-11e9-91e0-9bbdba1c3ce9
"Chazaux, Jean",MALE,41c60440-c83c-11e9-a87f-4db86551f63b
"Zenger, Bertold",MALE,65729820-c7f3-11e9-99f3-c9e55f39fadd
"Meyer, Wilhelm",MALE,8243bfa5-56e3-4d26-8f70-fa9a8907e94a
"Veyder, Franz Moritz von",MALE,cd63ffba-26d1-400d-8c2b-4d4ea7fdd244
"Reckrodt, Jobst von",MALE,489bbd4f-ae23-49b5-b0ed-61e3ffecfa13
"Blome, Hinrich",,bfe3ffe3-4874-41ac-a1b5-4f825e766852
"Pogwisch, Lucia",,72b9997b-67cf-48d0-b1cb-683c94e75f09
"Blome, Wulf d. J.",,60d5062e-3873-45f5-9474-9aa99cf09892
Loen (Familie),,2a198e4c-bbe2-4091-9d74-38d441ecabbc
"Lupin, Johann Sigmund von",MALE,f3a886d0-c57e-11e9-a249-1d82ad4f6e4d
"Knoll, Eitel Friedrich",MALE,81e7a070-c57f-11e9-a249-1d82ad4f6e4d
"Kuhl, H.",MALE,0b85e820-c588-11e9-9a28-879a4ed5a2e2
"Wick, Hofrat",MALE,80c6494a-08e5-4f40-aab5-c783c64e4d44
"Schmehlingk, Fürstl. Küchenmeister",MALE,731929dd-f426-4172-9d09-299fbb391670
"Rust, Johann Peter",MALE,31415fbb-8900-4fa4-9135-8b23fc5ef495
"Rust, Samuel",MALE,263b2e14-11e8-4cb6-9f01-dffa266fc1d1
"Rossini,  Alessandro",MALE,fa3028da-9171-495d-87fc-a2ce403d6bf7
"Jansen, Claus",MALE,ffc5b44a-40f6-42d5-905b-9a609933239e
"Jansen, Detlev",MALE,75f1055e-0833-425d-ad7a-2e43574ba8bf
"Roßkotten, Remigius",MALE,4954d9ce-eaef-4f0a-883f-f35264b0c9c4
"Walschartz, François",MALE,82a384a2-a34d-457a-83f8-094ca4891ad6
"Velen, Alexander II. von",MALE,d29dd3cd-0f68-4c6c-a646-cbb7f11f7f92
"Schmitz, Johann",MALE,f8f72bce-98ec-4eeb-a675-56c26b1c8db2
"Gent, Michael van",MALE,5dee8bae-6d5b-4273-85a1-bd58422e7379
"Schmitz, Jean",MALE,0b667d81-de76-4cf4-a53d-72aeefe90757
"Oyrl, Philipp van",MALE,2f445e09-cdb1-4258-9f0c-6ba2cbcc2817
"Behaim, Christoph Jakob",MALE,06bbf687-78c2-4810-bc9d-36e7748d51ee
"Brentano Moreti, Carlo",MALE,43bed769-44af-422a-b708-18e79b545ef7
"Peller, Maria Sabina",FEMALE,99eaeb0f-db56-4ccb-92e4-942c05209b51
"Köster, Constanze",FEMALE,91e432ba-da14-4442-9b69-767e4a945d5e
"Müller, Johannes",MALE,6b2d5365-2cb7-4dc3-b927-af29f4cdc5d2
"Fuhrmann, Jürgen",MALE,46450715-acc9-43cd-b3c7-be21822194e2
"Tamsen, Frederik",,01ab468f-af90-4fca-8367-35d103b94a7d
Schüler/Werkstatt Jürgen Ovens,,754a97c2-9068-408c-8228-caf4664c7d21
"von der Lippe, Johann Friedrich Ignaz",MALE,6ad92ebe-ad09-4b1f-a26a-42f4959eea82
"Bernardini, Karl",MALE,b1b674d0-8140-4566-b703-4a66834c1660
"Schiffer, Matthias",MALE,fee32ad6-27aa-4a53-a71c-8e0a4f2ba2bf
"Vater, Gottfried Samuel",MALE,58055c0e-cbe1-432f-973d-fb220f0f2151
"Wurmb, Friedrich Wilhelm von",MALE,35131b06-46d3-4e4c-a99a-a1d05a588e7c
"Hacken, Carl Bodo Gottfried von",MALE,18d25d34-7f46-4d7a-a515-8fe6edb8f3f9
"Gußmann, Jakob Heinrich",MALE,ca103b07-20c1-4c1c-9d05-296763367d84
"Eberhard Ludwig von Württemberg, Herzog",MALE,cbbe984d-1b65-40b5-b306-d83984f1e89c
"Heim, Johann Ulrich",MALE,54da6972-0231-4e6f-90f7-626559427fcb
"Klein, Johann Wilhelm",MALE,2953260d-4beb-4a6b-aa3a-235aaa0cac69
"Gerung, Thomas",MALE,09c1a519-9fc9-4dca-a60c-d76274679b5c
"Schöllhorn, Hermann",MALE,b3a002b1-a1fe-42c0-af84-bd94a216be4b
"Volpini, Giuseppe",MALE,e1aaf167-3fb1-4454-bd88-dabfd1b16815
"Joch, Johann Bernhard",MALE,0df56b5f-0a86-42c7-9227-3b28af897875
"Wehse, Hans Georg",MALE,e3362678-c8bf-44ee-90c2-d0e6846acc7d
"Weichs, Johann Franz Ernst von",MALE,b5067d10-c4ca-11e9-8385-59bf93401dce
"Charlotte Sophie, Mecklenburg-Schwerin, Erbprinzessin",FEMALE,e3350a6f-c957-4cd0-a1d4-03748fc05f33
"Gustave Karoline, Mecklenburg-Schwerin, Herzogin",FEMALE,42043e30-556a-4cd1-8ac4-0a431a3d616c
"Ohm, Matthias",MALE,8db855c3-354a-45a7-956c-a21278ef601d
"Walther, Johann Jacob",MALE,f9d8103c-b173-48aa-abfb-e3ef21a6df48
"Johann, Nassau-Idstein, Graf",MALE,dcb8a219-ee61-4fbf-aad3-38a181f3f8d2
"Hallung, Jost",MALE,e9fadeb7-6830-4ac4-bb80-6a291c05745f
"Meyer, Johann Nicolaus",MALE,cef5940e-3b39-4229-a841-aeace7f7b1b7
"Biedermann, Jacob Christoph",MALE,f4461fdf-8fc5-4ef0-8789-465fc0b6de70
"Thurn und Taxis, Anselm Franz, Fürst",MALE,ac52891a-c1ba-4650-acf9-7f4d0e0f133f
"Maisch, Joseph",MALE,6050e927-fbbf-47e1-a2e0-15a12a7643da
"Thurn und Taxis, Alexander Ferdinand, Fürst",MALE,3f52ce9a-4478-48e6-8548-c5ec469bd953
"Purmann, Christoph Bernhard",MALE,a06e0300-0ceb-4a24-b5bd-7df0552a9612
"Holler, Wolfgang",MALE,33672988-a44a-4f78-b49b-f67b3bd364a0
"Bader, Johann Georg",MALE,d41a7875-2414-45d6-9cd1-564f857e9e7f
"Dubut, Charles Claude",MALE,9ecc4b13-9a9d-41a7-9538-86928f162cc4
"Waxschlunger, Johann Paul",MALE,a0a8e3a0-601f-4a27-8b54-1d7324e899d7
"Amigoni, Jacopo",MALE,80edd846-7e3c-4d05-8771-4e783eabfca5
"Bertin, Nicolas",MALE,4344523f-1561-4588-9671-a724f19c2576
"Hunzinger, Silke",FEMALE,592d0c03-ed3e-4f9d-8013-c92abcfe0a51
"Martini, Carlo Donato",,b29a5940-616f-49a6-9e1b-ef8c881b62f1
"Bossi, Bartolomeo",,692b4c48-cba8-4edb-b586-a0c8c94e5379
"Bleiel, Johann Philipp",,bee476df-ad15-4652-a9e9-29bb77a2694f
"Martini, Francesco Antonio",,17fb36a7-e6e4-4398-ae5a-4c5f0ab883db
"Biss, Christopher",,6763f1c5-9279-4a05-a97f-30bc3bd1f011
"Taken, Peter",MALE,ec91245e-dfda-4f5d-825b-22ac6454cbfd
"Anton, Ysenburg-Ronneburg, Graf",MALE,610f8a48-8399-4a4c-9698-418bedb1c238
"Ludwig II., Isenburg-Büdingen, Graf",MALE,b77775bb-38a1-4a13-8a58-ba009f773e10
"Georg, Ysenburg-Ronneburg, Graf",MALE,01cd49ed-ce9c-43a7-ac4f-3dee83fff253
"Walrab, Caspar",MALE,b8c39b80-02bd-42d8-a397-8f6106f2c580
"Abel, Hans",MALE,6540425a-297e-44d9-ab0b-a7e352d84d1c
"Castelli, Carlo Pietro (Vater)",MALE,3586f27c-1bca-43bd-8c71-806b9fc6aa48
"Castelli, Carlo Pietro (Sohn)",MALE,32ce712e-02ad-40a4-b43a-1ff1fe9439f8
"Fortier, Benoît de",MALE,f121510f-c1ea-4824-94a0-d4ecd9146a3f
"Güldener, Johann Simon",MALE,be5e3c7e-a12e-4da4-9b68-ba92fa5f6b68
"Vallary, Nicolas de",MALE,f78a1c9b-b6f6-4371-9562-2fd1fede3876
"Libero, Johann de",MALE,48522219-8d30-44dd-aa3d-91dc6634570f
"Güldner, August",MALE,f0baf7fd-43a8-4144-babd-1de7c7a9a329
"Augustini/Agostini, Pietro",MALE,c562a8dd-6156-42e4-a9ac-f033e868380d
"Mayer, Johann Leonhard",MALE,836437bf-6278-4712-97c0-ee3d69d658ca
"Ritz, Anton",MALE,2c4fbec4-8322-4cec-8702-5ee3caf47a80
"Hökenkamp, Johann d. J.",MALE,3cddd998-0711-40a5-8ec8-5cc6b4f64cd4
"Brühl, Friedrich Wilhelm",MALE,f9bd40e4-b15e-4d0d-837d-abc1207af7df
"Baumann, Peter",MALE,816ea5f6-78e0-4efb-a221-3230d4e418b3
Hermann XX. Riedesel zu Eisenbach,MALE,7ffef913-d890-429c-b925-38f9d1414937
"Wiesenfeld, Johann",MALE,cc1bc3ed-0ef3-45e9-8c40-85c196535458
"Peters, Uwe",MALE,e3161125-8a0f-491e-ae4c-94db92c85cc9
"Vischbach, Johann Hector II. Freiherr von",MALE,6a217e91-57e4-44ef-902e-ffc2fea897ab
"Plettenberg, Johann Adolph von",MALE,f7e2b823-be08-4bf0-a2dd-71089fd04601
"Plettenberg zu Lenhausen, Bernhard von",MALE,1c1c7668-d80f-44a9-8983-a0653c23916c
"Droste zu Vischering, Maximilian Heinrich",MALE,e12f5a99-1f66-40da-a67b-de62271a79e9
"Hallwyl, Hans Hartmann von, Komtur",MALE,4e963ff7-93df-44bd-afb2-920db5ec1f7f
"Homburg, Friedrich von, Komtur",MALE,3a9d99f7-5074-4799-b57d-aca52c228200
"Anton Ruprecht Ferdinand, Hohenlohe-Bartenstein, Graf",MALE,1be6ea84-ee41-4f98-bb39-05b81e091b68
"Creuzfelder, Leonhard Florian",MALE,badc580a-cd17-4f66-bc01-a675d23cfbd0
"Heinrich XXIX., Reuß zu Lobenstein-Selbitz, Graf",MALE,bacc9384-9dc3-44e5-9996-e9be6adb8792
"Marie Christine, Leiningen-Westerburg, Gräfin",FEMALE,e5922639-c81f-4aa4-8bb4-a7a2af18b7df
"Mogia, Joseph",MALE,9621c903-b5fe-4dba-95d1-204dea1db99d
"Thomsen, Christian",MALE,d187f77f-a193-4a8b-a37d-b8ac58abb962
"Aprile, Joan Baptista",MALE,1751ba4e-4373-4044-a4ca-ca1de6d32363
"Windrauch, Hans",MALE,8b01cf80-cc88-4366-8a28-d0f56fc20254
"Olbers, August",MALE,e491ff31-e552-4181-9dc5-64d95ea98705
"Perti, Niklas",MALE,f97d4dc2-3dd5-482b-a9df-b96e10da771e
"Asam, Maria Theresia",FEMALE,d1b80b5b-2c2c-40d8-8e03-d020f16c0f75
"Wolfgang, Isenburg-Ronneburg, Graf",MALE,ae514228-44d7-4532-8e4c-2cfe2daf218e
"Heinrich, Isenburg-Ronneburg, Graf",MALE,7e71fe94-9aaa-46eb-b02f-ed1509c53cdf
"Münster, Georg",MALE,97ebe34f-2cba-409d-ba2d-9899f1946e43
"Lütjen, Ohm",FEMALE,eee8c100-41d3-462d-a4ba-263c8ad9e926
"Cornelisen, Lütje",MALE,0274640b-ec96-4230-b485-363e58192aaf
"Haxthausen, Hermann Adolph von",,545257a7-e9c1-4ed6-bf51-13be5ea0f433
"Klein, Johann Conrad",,7ec24bc5-fbaf-4844-85dc-18b3b4e73040
"Dürniz, Johann Nepomuk Baron von",MALE,edd53b33-f3cd-4641-ab70-848ad4b26eff
"Galen, Anna Maria von",FEMALE,9700f64e-7144-49ad-bd80-a57135ea2fcb
"Recke, Anna Maria Theresia von der",FEMALE,7f4423a9-2b08-463a-bb03-1842f58802c9
"Velen, Anna Theresia von",FEMALE,66b84050-bf82-4623-ba7f-1fe21e1b04bb
"Landsberg, Clemens August von",MALE,132a109f-eea6-43af-be42-a2257d6df8bc
"Vercrucien, Anton",MALE,6fe2e1d7-2bf4-4745-8259-017705b15eb3
Sartorius,MALE,aaf0f63a-1daf-479f-a482-727ca2fa787c
"Mösel, Johann Ulrich",MALE,6684b7f9-fab9-4711-a107-ab2b601db062
"Fehr, Johann Philipp",MALE,a5d135eb-8181-49cb-8c18-8e4b17b4a51b
"Senf, Conrad",MALE,97d21629-6167-42b0-99ca-5b99456af5b6
"Heumann, Johann Peter",MALE,6bede4d1-f57a-4cef-b662-177c92e7ac7d
"Hahn, Anna Margrethe von, a.d.H. Basedow",FEMALE,e84703f8-d074-4549-a373-d1b9f8264317
"Vieregge, Joachim Heinrich von",MALE,32e25a70-7a9e-497a-8f9e-11c94ec5fc9b
"Heiß, Maria",FEMALE,5d1517b2-e14d-4168-a151-af309abfada7
"Prunner, Johann",MALE,d8e96dd6-e289-4879-ae8b-99824f472f1e
"Kügelgen, Gerhard von",MALE,c90f5b38-f360-416d-b74c-e10508f630e9
"Bois, Jacob du",MALE,8f695154-0692-4b56-81f1-117c4ddb30a2
"Anna Maria Luisa, Toskana, Großherzogin",FEMALE,2c638d94-f93c-421d-9aa3-31ad3741ead4
"Karsch, Gerhard Joseph",MALE,741584d1-0302-4c55-93b4-7cfcef4f3e3e
"Zanetti, Domenico",MALE,c3ac92d6-4f99-4aa9-a6fa-5cb799fc5168
"Hafner, Verena",FEMALE,4e6a7819-9f28-4475-9673-aa4332afd938
"Schaur, Matthias",MALE,fb3c50d4-285e-4019-8d83-53d98f858a5f
"Hegnenberg-Dux, Johann Georg Sigismund von",MALE,dff3df85-5669-4a4b-b8e1-93ec7fb8a9e7
"Hegnenberg-Dux, Georg",MALE,378adfa0-1b0f-4ece-9c56-34464f0aa43d
"Boyneburg, Johann Adolph von",MALE,730a7e79-8c03-48ef-9489-9da49c15adaf
"Schuchmann, J. E.",OTHER,0bbba6bf-e020-4693-a131-c3f474f15100
"Lüdicke, Lore",FEMALE,c0de4d61-7d06-4842-b23c-9964395e98da
"Castellamonte, Amedeo di",MALE,d5c27921-01eb-4cb6-9332-be9fb1ee829f
"Verani, Gaetano Felice",MALE,7e561fa5-38bb-48f5-abae-10ef05ad7fc4
"Tesauro, Emanuele",MALE,5e2e24df-caeb-4595-b31b-3ff1dca6411c
"Roëttiers, Franςois",MALE,2e7d7569-5114-41dd-921c-77ab2df6a491
"Comes, Natalis",MALE,270e6176-553b-4f98-8a3e-35272a9b4dee
"Funck, Georg",MALE,b46a70ba-125e-4ea1-8ec0-05f7c2f3c629
"Zimmermann, Franz Michael",MALE,6f0bbe6b-a6b1-46f9-acec-1799ff4efd2e
"Appiani, Jacopo",MALE,671d4754-e65a-414a-9bd0-da7d7101822a
"Heigl, Martin",MALE,ee43f988-7874-430f-9c12-d702c2cb2972
"Catani, Stefano",MALE,d8cd99b3-b089-4429-839f-b04d40557816
"Delamonce, Jean",MALE,d3afef18-e517-4cf2-a58b-0f2d9ae689c7
Valeriani,MALE,c13aa120-8cb1-4059-8b79-133b6b2e340f
"Zanchi, Antonio",MALE,b05a0668-a066-46ce-aa57-4e909056e8a2
"Mölk, Josef Adam von",MALE,8745523f-e28e-4cca-b6bd-c29f2e7b2e42
"Triva, Antonio Domenico",MALE,35844f57-36e4-4b9f-8574-e82bce2aa456
"Dorner, Johann Jakob d. Ä.",MALE,14e7ff97-c02b-42be-91eb-b5693bb70a23
"Maximilian III. Joseph, Bayern, Kurfürst",MALE,c7288f7f-3de2-406e-aedc-59391e190e1a
"Henriette Adelaide, Bayern, Kurfürstin",FEMALE,a1d4af01-606e-4a16-94d9-7518ebb37a3d
"Maria Amalia, Bayern, Kurfürstin",FEMALE,7c54ea8e-5ccc-4f3d-a11e-0cd4e0df972f
"Maria Anna, Bayern, Kurfürstin",FEMALE,4c297660-59ed-4d9b-88ef-228e99c94170
"Schecker, Gregor",MALE,ff4ec811-4af6-47d8-81ba-c541a83b0ddd
"Indauer, Hans",MALE,ed109fc6-fec4-4901-8866-b7a693ea773c
"Wohlgemuth, Georg",MALE,b5ba44e7-3a6e-40f2-8c09-d05ba665ce48
"Trubillio, Giovanni Andrea",MALE,b0c5474c-8eba-461d-9ec1-d5774e43ccc1
"Ötschmann, Franz",MALE,a034ca46-e799-4975-ba38-f5b855b438af
"Römer, Andreas",MALE,81651b2a-1af9-4b37-b4fc-6b4ffa8fe9df
"Stuber, Caspar Gottfried",MALE,5868ac08-952b-489e-bf9a-34d65e85b627
"Gumpp, Michael",MALE,a0c1346b-7bc4-452e-bd95-52ef0beb1354
Fistulator,,72b203f1-e659-46e5-bbf3-8d91cd855676
"Langenbuecher, Wilhelm",MALE,4c952d7e-ae51-45bf-bc5f-d5bb80fa1830
"Perti, Giovanni Nicolo",MALE,91ba1301-e7db-482c-bd5d-d06d2369a481
"Frast, Antoni",MALE,608e02d6-6753-4aee-a86a-e2d99f99efe3
"Schellenberg-Kißlegg, Hans Ulrich",MALE,4ef0e24b-a4ae-4e1e-b8b2-e84a1af91737
"Ferdinand Ludwig, Waldburg-Wolfegg, Truchseß",MALE,25d8c0a9-dd48-463a-b336-4a5a5451ad30
"Nagler, Gregor",MALE,51195bd0-34c5-4393-b98d-f8f313f112fb
"Hopp, Jacob",MALE,071f0c89-5b1c-45cc-9779-f9d92717ab0f
"Höfflinger, Caspar von",MALE,4405b155-511d-4526-9927-c4d23583e8ca
"Bünau, Rudolf von",MALE,109e367b-8bf3-45e2-b46b-fad2cf3941c5
"Bünau, Henrica Helena von, geb. Vitzthum von Eckstädt",FEMALE,0434b8f4-530b-4ffe-89f0-c63b41b9be77
"Schmidt, Johann Georg",MALE,4cb4332d-fe43-4a7b-8128-be0b1a1a36b4
"Mebart, Michael",,e94c975c-b552-407c-98dd-77021c9c3967
"Bartl, Christoph",MALE,9ffc6e7b-330c-4e0c-a2ec-74f1b9e749eb
"Erffa, Georg Hartmann von",MALE,5c7d0d5e-65e6-4d6c-855b-42ee6821cee0
"Seiz, Andreas",MALE,f8ebbe3c-b6ff-42f7-9291-74144fd9ffd8
"Heer, Jost",MALE,def9f9d2-63c0-4846-8c19-93427c062097
"Heer, Heinrich",MALE,1f076388-4e87-43c1-90ee-41d8dffe21b1
"Ludwig, Nassau-Weilburg, Graf",MALE,f86dfd3b-d2ab-48da-8d6c-adf9442ca3d6
"Peters, Bleick",MALE,aa433bcb-7c13-4a03-bf98-a70e986834c1
"Uwen, Peter",MALE,52c4ab04-46dc-4c7f-a610-6fd007dcf13a
"Baeller, Niels Pedersen",MALE,d6d2dc80-6199-4131-915f-f894560a1033
"Majer, Georg Friedrich",MALE,977e6ec4-3ecc-4795-88e8-3abab688aadb
"Schnaible, Johann Bernhard",MALE,4d33c226-ca80-4f9a-9f9e-ce75457d4bdb
Löw Amson,MALE,a45cb88c-90a7-4be5-b536-78f05cbcfc1d
"Goder, Jospeh",MALE,9530c468-474a-40ce-b3af-ab56abb2b4b1
"Püczner, Simon",MALE,05c03a69-a595-46de-b1ee-b988a305e912
"Dientzenhofer, Justus Heinrich",MALE,7e3768d7-bdad-47f1-bdd6-d4060836cd00
"Vogel, Franz Jakob",MALE,70d2b28b-3f66-495f-a28b-2ba3d0629991
"Scheubel, Johann Joseph d. Ä.",MALE,d9fea1ba-2e10-4dd4-bf9b-4640e319da3c
"von Eltz-Rübenach, Maria Wilhelmine",FEMALE,9ab971ca-d035-4958-8bfc-84ec8fc9d033
"von der Heyden, Franz Eduard Anton",MALE,0888154d-8f0b-42cc-a418-4b1e609c9d4a
"Baur, Eva-Gesine",FEMALE,ea58ebb8-8ffb-497c-9023-b4b532e1abc9
"Volk-Knüttel, Brigitte",FEMALE,68450c21-87d6-424c-b269-0264b083dab0
"Bachter, Falk",MALE,30684385-7183-4be5-bf29-92527828c89e
"Sauerländer, Brigitte",FEMALE,0613e223-17d6-4cc3-af05-a7dc5cab20dd
"Krumpper, Hans",MALE,7fe2c357-a51d-4858-9b49-115ae04dabae
"Gerhard, Hubert",MALE,28d475fa-02c0-47b9-81f4-8c3675c4a1b9
"Tegler, Hans",MALE,b3a3abc4-65cc-447e-b7f7-f90c9547f1f3
"Mittermair, Christoph",MALE,acca3414-e68a-46af-abba-b03c184591fa
"Vogel, Augustin",MALE,5abf080a-264d-4849-b7f8-abf9b1069821
"Keller, Hans",MALE,3950b556-5190-490a-88ca-a98caa601b72
"Jelle, Jakob",MALE,0597aa89-932a-4b7a-9650-4527ebb50444
"Maximilian I. Joseph, Bayern, König",MALE,ebaa209d-b39a-4647-9771-ff87d57dd59c
"Maximilian I., Bayern, Kurfürst",MALE,4de4857f-5398-49c5-a001-f20ff707c067
"Hake, Johann Philipp Wilhelm von",MALE,65f3c5a6-9fd0-4349-9a82-342fcab341bf
"Dedichius,  J. E.",MALE,17926068-ff09-4ef4-b1de-74daae2a7cb6
"Lehrbach, Franz Sigismund Freiherr von",MALE,bff3e59f-11e7-4fec-9081-12a2a564d9ba
"Gelnhausen, Philipp Benedikt von",MALE,6db80228-c6fc-4a2f-b57d-2b683ea061e2
"Eyb, Friedrich Carl Freiherr von",MALE,2f75bc12-96ce-456d-8260-d157c1f28897
"Leitkrath, Joseph",MALE,f31c68ba-7b36-4d7b-aac4-0a19cc4d722b
"Franz, Johann Michael",MALE,8de8a09e-0c08-437d-be34-b3d20a7f2c24
"Beringer, Heinrich",MALE,0c77eae2-133e-46b8-8190-42143ecc4056
"Satzenhofen, Franz Sigismund Friedrich Graf von",MALE,3912958f-31c3-4295-953b-f69e48a21ffa
"Kronwitter, Antonia",FEMALE,02ecf3c7-2943-490e-b315-a48f977bb6e5
"Schaden, Joseph Wilhelm von",MALE,4a2cf966-4fda-4f3a-a08b-9f290f609704
"Kaphengst, Christian Ludwig von",MALE,d7b8d306-cbe3-48a6-9ff5-d62e21a1b162
"Hälszel, Johann Baptist",MALE,77815188-b2ec-4a8f-b766-a1fdd94b3df4
"Schubart, Johann Andreas",MALE,8b813959-7b52-42b8-8d63-acc44cc97dd9
"Kuen, Johann von",MALE,21830648-2605-4697-bae9-73dda285d294
"Doos, Johann Heinrich",MALE,1083117e-7bc9-4760-befb-ac35153d845a
"Reynolds, Joshua",MALE,fa5a4edd-ce76-40b6-8ada-ab041742df95
"Müller, Ludwig",MALE,9221febf-8de8-4998-a1c5-e6cb2259bf91
"Rumohr, Heinrich (von)",,c1ced083-9693-45a8-85b0-a61073450ca3
"Rumohr, Asmus (von)",,0bb6a296-1be3-44fb-92e8-a90478b2b875
"Cramer, Daniel",,9a7b722e-7810-499f-8572-6a2dff7e6be1
"Dumont, Jacques",,50db3137-f955-4830-a421-ea0a2d9afb07
"Hannemann, Adrian",MALE,0d82a470-8294-494e-911b-4e9e253db1c5
Johann Gottfried Kemmeter,MALE,4421e6d9-a002-45d1-8230-15a193a10e00
"Simonneau, Louis",MALE,e0cd8e6b-0d5c-4fc1-9841-29393c8d324d
"Algarotti, Francesco",MALE,58db9a2f-ae53-4812-b529-2b6909916176
"von Schönberg, Johann Friedrich",MALE,fe430e7c-36f6-4fc5-b4dd-7f09961328bd
"Le Blon, Michel",MALE,a52a387d-5a9c-4a16-bb09-a265bc587f0e
"Bogislaw XIII. , Herzog von Pommern",MALE,a3475779-b741-4696-b28a-6d9dca15be1b
"Maximilian Willibald, Waldburg-Wolfegg, Truchseß",MALE,ec8c99b9-2c58-4038-9c92-55709c6f14f7
"Johanna, Waldburg-Wolfegg, geb. Gräfin von Zimmern",FEMALE,2efa492f-2e88-4d36-aa3c-7b033dcd8768
"Jakob V., Waldburg-Wolfegg, Truchseß",MALE,2aed8e69-be29-45f8-b742-6dcb28a0b33b
"Schwartzenberger, Jörg",MALE,8064b455-01c5-4200-8cc2-cf3f8c4f59d1
"Maria Anna von Waldburg-Wolfegg, geb. von Schellenberg",FEMALE,edb8dad1-e2b9-48b8-b808-57842fb9bdef
"Maria Ernestine, Waldburg-Wolfegg, geb. zu Salm-Reifferscheidt-Dyck",FEMALE,eacc287c-6f76-41ac-b095-67d29e3680da
"Krimmer, Balthasar",MALE,71d9276d-2e59-46c5-9fa4-9f9f38e05669
"Hegenauer, Johann Wilhelm",MALE,354ed318-4558-4e1c-8e91-46a01b5bf9a1
"Joseph Franz, Waldburg-Wolfegg, Truchseß",MALE,c0467dab-36f7-4a17-a7d8-64d18c9e1a8f
"Zick, Johann Martin",MALE,21f4e6a6-05c2-43a3-b3c2-6562dd4323e4
"Aubry, Pierre",MALE,d1261359-6ba1-48e9-ade6-b7ecb15962dd
"Cammerlohr, Jospeh Marquart Eustach Aloys Baron von",MALE,bb066fa6-41de-4700-b52e-fcfcb07f4211
"Thummer, Hans",MALE,86507e7e-d1bb-433d-9eb5-7fda3a6ea1a7
"Pettenkofer, Johann Michael",MALE,4b0bc5aa-c295-4cff-95a4-52d2894f47f9
"Christoph, Württemberg, Herzog",MALE,a28cfd17-722c-45e9-859a-c0ac705cf2b0
"Tretsch, Aberlin",MALE,55e4f7a0-fcdf-48d0-85ef-b77d83bbe09f
"Huber, Johann Rudolf",MALE,19e0e692-a600-4175-951a-2e2af4e677cb
"Wiffel, Frédéric",MALE,75956ac5-f86d-496b-af84-3ddb56706b27
"Blezinger, Johann Georg",MALE,6dcf46e6-6387-4ef5-9ea8-a3396556d1a1
"Gude, Johann Matthias",MALE,763e145b-5376-4db6-a03e-3a19f5a6cd41
"Strauch, Johann Georg",MALE,71370240-e11a-4cb4-834f-d7d3d8008c45
"Meinecke, Johann Gottfried",MALE,7d8e2516-9134-4b93-9561-7a748b049268
"Piranesi, Giovanni Battista",MALE,49e7214a-270e-4b22-8660-59d92b1b0566
"Fischer, Johann Heinrich",MALE,d834ad54-4942-4a74-aba4-afe341b58ea6
"Luders, Hanß",MALE,89fa716a-f897-4344-a900-8bdd601d23bd
"Van der Voort, Jacob",MALE,2c13a33d-723d-4015-8303-241646d453cc
"Bonaveri, Luca",MALE,52acfa56-a8bd-4b19-adc1-021c528b5152
"Doctor, Dominicus",MALE,fe66e0e4-40dd-454d-97ce-9d1eadb85edb
"Lollio gen. Sadeler, Johann",MALE,a027a82f-a3c0-4b47-9d9f-aa8daf1fc0ab
"Bonaveri, Carlo",MALE,bc2119ba-5bf3-4745-b604-55189719d667
"Guarlardi, Camillo",MALE,4bb39ac4-b1ea-49cb-927d-fb44a6133ea0
"Schauer, Heinrich",MALE,10bc74d5-6688-46c9-9807-97db7e217eab
"Quadro, Bartholomeo",MALE,e25c8e17-8f7b-42d5-b2a2-782cf56f7c0d
"Caveani, Giovanni Battista",MALE,68f4fe6c-c50f-4157-b207-cbe7fa123d89
"Tarilli, Christofforo",MALE,5772533a-9284-4d1c-abb0-44b0fe6bb4d8
"Zilliger, Gabriel",MALE,53179aae-3a61-4f98-99d0-9baabd65a265
"Caveani, Nicolao",MALE,3e7ee73d-2258-4040-b82d-e733b7bf29e5
"Brentani, Bernardo",MALE,3e48c559-f194-4c86-887a-f4e1286328b6
"Lüderitz, Erasmus",MALE,b59e861a-86ba-40b4-8888-b776d9405c97
"Schildbach, Hans Georg",MALE,aeeec465-341f-4126-be33-771d07d451f9
"Krippendorf, Johann Michael",MALE,a7d61b09-d1e8-48e4-963e-e8246da814f8
"Schildbach, Christian",MALE,4c96b3fa-d413-40ef-b999-bab5c3ff76f1
"Christian, Sachsen-Eisenberg, Herzog",MALE,c82d0834-b734-4f9e-8810-b9c7bfdcfdf7
"Gundermann, Christian Wilhelm",MALE,05401f02-342a-49c2-85a2-cff81f700b08
"Mayer, Markus Christoph von",MALE,4cc5b59b-d92f-49a6-b490-66951cb19bbd
"Hirth, Johann Konrad",MALE,cb77cfa9-f942-4144-a65a-f0599095b527
"Etschmann, Paul",MALE,f3a44e5e-6573-43dc-92f9-0715c39ba3f7
"Marolles, Michel de",MALE,82f0e291-03fe-4f83-a919-2e98a8c42e4b
"Glume, Johann Gottlieb",MALE,25e99e28-ad3e-4040-a301-3db8e022e4c4
"Müller, Matthias",MALE,c414e604-85d3-4799-8f35-049cee39c051
"Höder, Johann Wilhelm",MALE,ffea8346-86f8-4310-9ac5-89b24dc1fdbb
"von Rothenburg, Friedrich Rudolf",MALE,b2a58489-3749-4b6d-85d2-4e6f7c19c8e0
"Qualen, Otto von",MALE,b8f85f17-8cc7-4e85-9465-fe7dd0eb9d39
"Qualen, Friedrich Christian von",MALE,33b5c147-d189-44a5-8884-ca057560ff8d
"Dientzenhofer, Johann Georg",MALE,7498fb12-b9cc-4f09-840a-fbcc2ddab629
"Bach, Anton",MALE,c8ea2e9b-d42d-4910-b929-b4f1df4de9d3
"Weber, Michael Franz Friedrich (aus Gera)",MALE,767dad09-d564-41a8-b06d-53556be5e52c
"Gerber, Johann Gottl. (aus Reichenbach)",MALE,657fda5f-7b8f-4f92-8648-cbddf2a03476
"Gregorius, August (aus Gera)",MALE,028e8cb0-277c-47be-8474-8626da7a4c55
"Reinel, Johann Christoph (aus Mühltroff)",MALE,c575daab-ebf1-40ab-baac-cf5735623e7e
"Bach, Thaddäus",MALE,a0645138-d141-4478-a454-779a30c8de17
"Suer, Johann de",MALE,b6e9855d-3a65-4c07-b27c-8c360eeea45a
"Suer, Henric de",MALE,5f008bdb-bcca-4276-80c1-fcf3bd2d7e25
"Nesselrode, Franz Reichsfreiherr von",MALE,53617242-a1cc-42cf-824a-2237a79e4c39
"Nesselrode, Bertram von",MALE,08e39e57-19fa-4451-a377-fbb34c278055
"Westerholt-Hackfurt, Dietrich Konrad Adolf von",MALE,ea55b21b-8ec4-41dd-a107-c8bab16e6baf
"Merveldt, Ferdinand Dietrich von",MALE,c04cb30c-8c79-4207-bf5f-7d90ee39cdec
"Eisen, Charles Dominique Joseph",MALE,7183b1f3-4254-451b-9b56-58343d7d018b
"Longueil, Joseph de",MALE,00714f11-fbd8-4d84-8ebd-9000eb2fed92
"Hornmold, Sebastian",MALE,8af2cddd-cdda-4387-90d4-462b80db9a54
"Rotenburger, Conrad",MALE,47dfa493-d47d-41f5-af5f-9af5f4c64b81
"Hornmold, Johann Sebastian",MALE,361f8863-3863-4259-813f-7bc245e9415c
"Nagel zu Itlingen, Christoph Ferdinand von",MALE,5e005e1f-81e6-4d4c-a341-7361899606bb
"Luise Dorothea, Sachsen-Gotha-Altenburg, Herzogin",FEMALE,a11b46e3-220a-4d02-af0d-b7c3afb0892c
"Karl Friedrich, Sachsen-Meiningen-Hildburghausen, Herzog",MALE,7d3b5623-00c7-47a6-8a40-94b2fbc7ca3d
"Ernst Ludwig II., Sachsen-Coburg-Meiningen, Herzog",MALE,4b33fae8-2bd7-4d08-96c7-20517ffdb54c
"Westernach, Johann Eustach von, Hochmeister des Deutschen Ordens",MALE,edb72705-7e1e-413f-8ce4-4920371f1ed5
"Koneberg, Michael",MALE,a890d390-73bd-47c9-8afc-2079f1f49c8c
"Hermann, Franz Benedikt",MALE,391b4aac-15e6-4569-8932-36f1fcbb04d0
"Westernach, Johann Carl von",MALE,ace6558e-9d28-40e1-9853-4eb945f80def
"Westernach, Johann Eustach Egolph",MALE,19e59a72-7b84-48b6-878c-bab949cdf744
"Hasenbank, Christian",MALE,15121b89-5751-4022-be9f-4c6e1008a9ec
"Hausner, Hans Jakob von Winbuch",MALE,b83695e0-61c9-4bd0-be01-9ab6bff47afd
"Hausner, Georg von Winbuch",MALE,3d0c9f06-eff9-4a18-b9ea-cbbc7577bbee
"Blättner, Samuel",MALE,ba7a7030-c016-4248-8131-d472c2d73923
"Aprill, Francisco",MALE,1e05502a-1b55-48eb-af4e-14a7ef49ca43
"Stolberg, Christoph Friedrich, Graf",MALE,651ccab7-752e-47de-8c35-c38353b28ed6
"Hürner, Johann",MALE,4989a2e0-c14d-47de-a961-d473d97ce770
"Winkler, Johann Michael",MALE,34437a04-2db2-44de-8ceb-06e2aeb86404
"Roscher, Johann Michael",MALE,ac23222f-7f9f-4fc4-9786-27872f3033c8
"Hertel, Johann Georg",MALE,0cc9249c-e434-41f0-bc2c-0a856eff2447
"Bentheim-Steinfurt, Karl Paul Ernst, Graf von",MALE,bf3e1800-6464-4f1f-bfb9-8940e9e4ef3c
"Wouwerman, Philips",MALE,82b273cc-18a9-4e39-90e8-b9a4c6e7d535
"Major, Thomas",MALE,7ae335fa-db52-467f-b5c0-ed6fcd58b031
"Ruedhart, Franz",MALE,b6344582-3905-4289-9433-c950294ebd33
"Baldszuhn, Bernd",MALE,aa2428a1-2b22-4f17-be8f-d64ef42841ec
"Zimmermann, Thomas",MALE,c5b085f9-93fe-4354-83df-0e32e8e878b6
"Eyerschüttel, Johann Christof",MALE,00591cc7-3c1f-402d-9913-a82400cbd497
"Zimmermann, Harro",MALE,e1ae7843-c625-4c7c-9514-6d0d9227e90a
"Schmid, Karl",MALE,d9d73110-a2a6-4113-9dc8-9248fa66aa5a
"Ellrichshausen, Karl Reinhard Freiherr von",MALE,3ca8f030-97ae-491e-8060-50b551dfea3d
"Prachner, Jan Josef",MALE,1448f771-6d1f-45ce-8440-62a65c19566e
"Martini, Johann Jerimias",MALE,9f6d974f-3ffe-4f06-be99-f63d6e4460af
"Wangenheim, Friedrich Nicolaus von",MALE,e8d4a718-ff72-4b79-b612-e2b556941bbc
"Stange, Friedrich Wilhelm von",MALE,b942fbce-b15b-452c-97b4-be35c9c468e2
"Backoffen, Johann Andreas",MALE,2bb1ba86-5aa3-4584-84e0-ffc5c0f1fc42
"Mutschele, Bonaventura Joseph",MALE,dd4ff511-1ade-4dca-bc4f-b68f43f72934
"Mang, Johann Joseph",MALE,ade9431d-db59-4fb4-ab67-9cab469f91b4
"Anwander, Johann",MALE,e6deef78-45d6-4eff-b2d6-768044bc81b6
"Hege, Anton Anselm",MALE,90a63ea3-06a7-4f0b-aead-ea98b7e58685
"Sürg, Johann Christoph Rupert",MALE,664cfa06-5802-4493-9a44-eb85031da633
"Bartscher, Philipp Ferdinand Ludwig",MALE,93b34b87-5174-4540-9413-c85dcd484f22
"Hanxleden zu Eickel, Leopold von",MALE,cd3ede36-74b5-410f-9fb0-feb5b07164d0
"Friedrich, Brandenburg-Bayreuth, Markgraf",MALE,6383186f-ede1-42dc-ad7c-1411dfcec9da
"Galli da Bibiena, Carlo",MALE,7cdb8b97-718b-400a-a50d-1d969db4fcae
"Thumb von Neuburg, Hans Friedrich, Ritter",MALE,b326c6a3-1852-410e-8c4f-d5b472942d07
"Thumb von Neuburg, Wilhelm Ludwig, Ritter",MALE,b16e95ef-1639-4dc6-90c4-2f3d149122a3
"Thumb von Neuburg, Hans, Ritter",MALE,aef22166-0c75-4969-a237-1a0991b4eae1
"Thumb von Neuburg, Albrecht der Ältere",MALE,960c325c-70b2-4c80-b46a-cdaa705a5634
"Thumb von Neuburg, Albrecht der Jüngere, Ritter",MALE,6d41084e-4f6d-46cb-b841-77543c1ea088
"Aichelberg, Anna",FEMALE,51a6e43d-9362-4f3f-8d7d-9c6543ad472a
Johann Hederich Sprenger,MALE,25e83956-810f-4cbc-b66d-c03fbcc3ff47
"Küssner, Valentin",MALE,caa2de4d-bfd6-4d16-986e-1f57f1d1b52a
"Böhmes, Johann Heinrich d. J.",MALE,d57ce644-f0a9-4535-b19a-8bd8f279fdb8
"Süßner, Conrad Max",MALE,9e74a941-666c-4260-9b94-115cd8f7d76b
"Brocco, Antonio",MALE,d7dc8682-c520-4f96-8364-53f83c9fb624
"Treuding, Michael, d. Ä.",MALE,4b71292c-55b1-4ec4-96e1-8efe5562bf9e
"Dietze, Marcus Conrad",MALE,7fab4c7e-613a-408f-9029-ce24383a4a46
"Adam, Hans",,b2e01b4e-c3a6-49de-90a0-2a488036ba41
"Hocheisen, Johann",MALE,ad8425b4-2e3d-4739-97c2-6f0c85b88aad
"Miltenberger, Hans",MALE,fb3ee0f6-a6dd-43d8-89b2-de4722f6f6a9
"Medici, Anna Maria Luisa",FEMALE,9c9479a5-2ef7-452e-997b-762681ace41a
"Westerholt, Alexander von",MALE,e8a63472-e099-4aad-b465-7407c9900b24
"Thurn und Taxis, Karl Anselm, Fürst",MALE,3a21eaef-adbe-4b65-abb7-285e9d04c9e9
"Johann Ernst, Sachsen-Saalfeld, Herzog",MALE,427a7853-be63-42f5-a2ca-d7d8f76e6180
"Beinthner, Johann Jacob",MALE,635b9aaf-0bfb-41c5-b0ea-74b9290849f4
"Aachen, Hans von",MALE,4ddf00bb-b23c-489b-8c01-c170c6f8c327
"Christian Ernst, Sachsen-Coburg-Saalfeld, Herzog",MALE,11a2225a-4353-4c7b-9a8a-9ba0d852bba1
"Model, Abraham Elias",MALE,5a845780-d39e-4b39-8f4e-c8d137ddd2b3
"Buck, Zacharias",MALE,da3a5216-f28c-4411-9854-2112c21c2efc
"Weiß, Johann Georg",MALE,69db88d0-c242-4ca7-9e28-d2383738402f
"Rumohr, Anna Sophia von",FEMALE,67c60404-a904-407b-8cd7-22963255092c
"Trescher, Jule-Marie",FEMALE,4cea8165-2d21-4816-8288-1518bf64574e
"Tonella, Joseph Maria",MALE,deab754f-3c01-473c-bbce-c4b681c2941c
"Obwexer, Maria Anna",FEMALE,9aa7db92-ecfd-480a-8a4b-9b466799330a
"Pentenrieder, Johann Martin",MALE,4ce34aad-8287-4be1-8f3b-c8471e68e480
"Scheller, Hans",MALE,ef20b910-9c7c-46a8-9270-748e87aaa9d1
ND,,7f01291d-6dba-4eed-8d2e-967afe57647f
"Strol, Hans",MALE,8565da71-ad09-420c-afd5-e20349e6face
"Baroldt, Jakob",MALE,0bc7a10b-e5fc-45d4-975b-5dd78a22c4ac
"Schulenburg, Kurt von der",MALE,e3a74276-3d2e-428b-a006-5b364e1f6185
"Jacobs, Hans",MALE,ecdf3514-d230-47b5-b469-ef3cf938a27e
"Johann X., Lübeck, Fürstbischof",MALE,7a3e690d-ccbc-4072-b283-12fa4ae3cbb1
"Christian August, Lübeck, Fürstbischof",MALE,763b4010-ceeb-4ee7-8c67-9bfa0e4d1ee6
"Görner, Achatius",MALE,18053dc2-78b0-467a-a757-df80b21077e3
"Albertina Friederike, Baden-Durlach, Markgräfin",FEMALE,955c3b4b-c0ac-4db5-bf9c-a4f305ed9b6f
"Johann Friedrich, Schleswig-Holstein-Gottorf, Herzog",MALE,d4f8ff75-aa1f-4b3c-af98-54c106d5785a
"Allers, Theodor",MALE,1c9f7a85-e974-4a63-bf3a-fdd79173f44a
"August Friedrich, Lübeck, Fürstbischof",MALE,8e81fc6f-1ef3-4290-83e5-1cc341165abb
"Ahlefeldt, Hinrich von",,3ad4a08a-505a-4bfb-8246-2f10231d76f7
"JungClaus, Joachim, Doktor, Advokat",MALE,9edf96d6-48c0-4ccf-bd89-25b7352bf108
"Schwarzmann, Andreas",MALE,899d16d7-c801-4f3a-b644-5dea7a87fd5e
"Gäbisch, Daniela",FEMALE,d5b02967-4b3f-4edc-8c43-7d503d4f62f2
"Andreioli, Jeronimo Francesco",MALE,bf5b20ac-5881-4aea-8cc0-94e6b0fdc083
"Gläser, Georg",MALE,aa9430b0-8dbc-42a5-b2c2-eb1ce7056905
"Herrmann, Dirk",MALE,10946d6f-01e1-4a27-b123-deb666a4203b
"Fitzer, Franz",MALE,e0367e78-3d1f-40a6-8c74-bbcbc79d2bae
"Lantes, Antoni",MALE,d475db87-2155-401f-9422-1da12971794c
"Albin, Ludolf",MALE,cc042966-267d-4501-89f7-a62f4d76f670
"Lindner, Johann Carl",MALE,96ca1672-d1cf-48cb-895c-80d494abdd5e
"Schmied, Johann Friedrich",MALE,6850e15f-0bd2-46c3-bc7c-2aeee28de68b
"Simonetti, Martin",MALE,60a4a67c-a12b-48bc-bd2c-519e4117e82c
"Schütze, Johann Christoph",MALE,4e66b8e7-b449-4436-8b7b-c3fc7bd9eb2f
"Trebeßky, Paul Anthon",MALE,3531cf39-6161-4483-8cca-4ec660593563
"Abel, Ernst August",MALE,db3e7f9d-b380-4157-a11f-baa402eb72e3
"Schubart, Severin",MALE,c63643b3-fe3a-4fd0-bee0-2ecde8f0ea12
"Bodan, Andreas",MALE,c37cd6ff-62e5-4192-b0ec-7fc1ad81a962
"Düwens, Johann Andreas von",MALE,9fdcce00-8511-4fb5-b486-ee3049578b45
"Witthauer, Christoph",MALE,93a58f23-a7e7-4f8a-83d9-5404c2d4c088
"Ranie, Piere",MALE,7ce5d2cd-d9ba-4a03-ae51-bc2720193901
"Egeling, Johann Caspar",MALE,70b5d141-b84d-4dfb-9b62-19b05e973f16
"Barisien, Friedrich Hartmann",MALE,60990f2c-1c81-4bfd-831f-62e7f3950c96
"Schrader, Christian Adolph",MALE,399b4330-21b1-4d88-9f31-31e4c9c2bb73
"Lisiewska, Barbara Rosina",FEMALE,01ef4081-f51f-4399-b945-8e271807d2a4
"Lisiewski, Christoph Friedrich Reinhold",MALE,01c80e72-c801-4401-939b-0c2628ce7007
"Karl Wilhelm, Anhalt-Zerbst, Fürst",MALE,e6605628-5490-497c-8e7e-74cc4343adbe
"Johann August, Anhalt-Zerbst, Fürst",MALE,ddd46085-34c7-4eac-93a9-3cdd9dd9d736
"Johann Ludwig II., Anhalt-Zerbst, Fürst",MALE,b2ce7e96-f76f-4e97-b1ed-523c4c71d291
"Johanna Elisabeth, Schleswig-Holstein-Gottorf, Fürstin",FEMALE,2dc9ba8e-4817-4ef9-a597-7931c6695f84
"Christian August, Anhalt-Zerbst, Fürst",MALE,0d443d5c-6ea4-46e4-87a6-7de4fc4e7b68
"Domack, Christian",MALE,1bd5b824-a09a-4bb0-9c04-43477a6baf3e
"Schuchart, Johann Tobias",MALE,a117f3ae-bb6a-4696-b8d5-bc78897adc83
"Tütleb, Johan Martin",MALE,97b31ac3-62ec-4b14-ab16-ce7418da1bd2
"Friedel, Johann Friedrich",MALE,6213940f-37a0-46be-8b25-bf9001e66712
"Behr, J. A.",MALE,470cded2-e02c-447c-82a5-989c105e4ab1
"Ryckwaert, Cornelis",MALE,3412af01-6e9f-46e3-aaf1-78bffa6e0012
"Boßmann, Johann Christoph",MALE,f0a4fbb1-377d-4f7b-89ef-e281ad40c844
"Lück, Franz Friedrich",MALE,7f04c851-4c22-4698-89d7-6073a39d5354
"Reinicke, Gottfried",MALE,55c321c6-c593-43e6-8c1e-b621f47923f7
"Schmied, Johann Christian",MALE,22007127-ae86-4364-9138-fa0281f65bf7
"Stutz, Christian Conrad",MALE,2175ca27-eef9-4ff2-8ecc-69aebda5f441
"Ehrlich, Johann Christian",MALE,1da9a2a9-d636-4d38-b221-87db2af95345
"Helmberg, Georg Leonhard",MALE,60f66dab-1edb-49e1-bb22-a31595132df8
"Speth von Zwiefalten Gammertingen, Marquard Carl Anton, Freiherr",MALE,3f9798a4-4b07-44d5-9d79-23d5b5f7de5e
"Reiser, Ambros",MALE,5897d810-9506-49c2-97ea-15a9b2a49dbe
"Wenge, Friedrich Florenz Raban von der",MALE,9c215493-45e4-4bc5-af7e-60b19a46f3fe
"Harsewinkel, Franz Wilhelm",MALE,d08fa233-42ca-4c53-a2b6-e0d782f240b6
rosencranz,,2d72e723-731c-4dbf-b9b2-0fbedf33f9ca
"Rauch, Anton",MALE,c56a4b3e-5f41-4557-a680-7bf85b776499
"Bader, Abraham",MALE,72fc3033-2865-4de2-bf0c-76eec4c08e29
"Bader, Franz",MALE,4b449d69-bc6b-428a-a6bc-dbb242029aff
"Reichlin von Meldegg, Franz Marquard Anton",MALE,e9fd0b6c-4768-426c-b754-b498c329f477
"Carcano, Nicolo",MALE,7291eab3-e794-4297-aea3-c8ba4eedd6b0
"Hector, Nicolaus",MALE,ad3aa124-9641-417b-acd7-a9ed3d7c0566
"Hochheimer, Johann Philipp",MALE,f982c5d7-26fe-43de-9be4-b34a52b9ed7d
"Molla, Gasparo",MALE,dc9b531c-8420-43e3-a3ff-728ef10186da
"Oldelli, Giovanni Antonio",MALE,a6244bb4-ac72-4a8b-a2dd-0fd52eaf6fb3
"Melchion , Stefano Ignazio",MALE,89b0d44c-87fc-4ee7-8440-f523e3c8d0a8
"Rizzo, Antonio",MALE,4c7986a0-7a0a-4c10-b4c9-748e92dc73f2
"Hagen, Lubbert",MALE,dbcb5515-d843-450f-929f-ec99013ac134
"Raman, Jacob",MALE,e546a8be-f126-4825-a36c-a6ea251444e1
"Schildt, Johannes Matthias Georg",MALE,fc664b4b-8e23-4254-84e0-de3b4ca46a31
"Fix, Johann Bernhard",MALE,0d5a61c2-79d9-4aa8-88b5-53b3cc6684d3
"Haß, Peter",MALE,79781574-4075-4e9f-a2c3-981a6f8c620a
"Treuner, Carl Christian",MALE,182dfaf3-77c3-4f04-a614-8264d7962d91
"Philipp Julius, Pommern-Wolgast, Herzog",MALE,8b4a7fa6-4313-4644-a861-d5af96095fde
"Anna, Pommern, Prinzessin",FEMALE,8b12422d-efc4-432b-a661-d7653dafca1d
"Müller von der Lühne, Burchard",MALE,e4609bb6-492b-4bd2-83d6-c740b3f8fa59
"Sophia Hedwig, Pommern-Wolgast, Herzogin",FEMALE,7ae914c3-3320-4583-9b48-7ed50fe37b25
"Adelmann von Adelmannsfelden, Wolf Caspar",MALE,97e79e3e-cb8c-405d-b4bf-3e41435c6f9e
"Holl, Joseph",MALE,cd07d90e-d900-4086-8fd4-0ae23be5229b
"Manz, Sebastian",MALE,0dd8ad70-e576-4fb6-9ce3-f7b77cada89b
"Scotti, Giosuè",MALE,5b07c8dd-c8e6-404d-b542-e551a8b54d9b
"Solari, Francesco",MALE,80c92139-28e7-4458-9595-0b17773b313e
"Roth, Johann Gabriel",MALE,6ebe2009-8da8-419e-a30b-d95f3974963b
"Maria Theresia Josepha Felicitas von Waldburg-Trauchburg, Gräfin, geb. Waldburg-Wolfegg",FEMALE,4b701d77-15a0-4f42-a962-54ebada446a5
"Johann Ernst II., Waldburg-Trauchburg, Graf",MALE,01e07bc1-eccf-4120-a607-85b4faf9c3d9
"Wegmann, Hans",MALE,ba27f3fc-1c73-45ef-8561-d5740fc5b065
"Maximilian Maria, Waldburg zu Waldsee und Zeil, Graf",MALE,3244ea58-3d08-4ac8-bfea-a99944590888
"Gebhard Xaver, Waldburg - Waldsee, Graf",MALE,d21b8ef7-cc31-4587-9ebd-a3946ea177be
"Josef Anton, Waldburg - Waldsee, Graf",MALE,88726f6c-a46e-447a-a9cf-d9b119ea8e20
"Räntz, Johann Lorenz Wilhelm",MALE,de3eabf5-a68f-4a7f-aa3a-77e737d40b8c
"Bouchardon, Edme",MALE,6b4f81f7-c486-45f2-ae3a-303282359d9c
"Jenner, Philipp Gottfried",MALE,67971607-1539-4e9c-a794-af4582c44972
"Schnegg, Johann",MALE,1e7b32e9-9bfc-4ecd-8ccc-57d626c260b7
"Räntz, Johann David",MALE,15957ba5-a80b-439b-8eca-08c8ab2630b6
"Cochois, Barbe",FEMALE,dde2e611-a33d-405a-9644-b8be7ddf1bc2
"Argens, Jean-Baptiste de Boyer d'",MALE,c660f8b8-0dac-4b90-9233-a4fa9b8585d7
"Cantarini, Simone",MALE,fd24a612-9b68-4d8a-92a5-6ea9e9b9f24f
"Van Loo, Carle",MALE,a5b9a817-6e5d-4cab-9f9c-f1ee24294605
"Boumann, Johann",MALE,e5e4cce6-768e-49c8-9c6d-9d979922abbe
"Gentileschi, Artemisia",FEMALE,20691136-f2a6-48f8-8e64-eb890c0e4b34
"Schuppen, Jacques van",MALE,384df546-113a-4a0d-b61a-500bd7988a36
"Pierre, Jean-Baptiste Marie",MALE,6d28eb94-e2da-40eb-93b6-7921f4c0d62e
"Restout, Jean",MALE,431ab5a8-c38c-4420-829a-1d8ff1a3f582
"Richter, Christian",MALE,55194b55-a5ee-4874-a47f-16f2c79499e0
"Boeselager zu Eggermühlen, Franz Heinrich Anton von",MALE,7a0fa060-0297-4ce7-a7ba-77835704ffdc
"Boeselager zu Eggermühlen, Caspar Heinrich Goswin von",MALE,771fc714-c0e9-4aca-8308-d30ba67d65ec
"Güding, Johann Moritz",MALE,493fd93a-7da2-48b7-ae0d-fb51897a8d81
"Mair, Balthasar",MALE,3491e010-c705-11e9-91ee-4b76485b413f
"Biler, Jerg",MALE,50d91a40-c705-11e9-91ee-4b76485b413f
"Hartmann, Pfarrer, Holzgünz",MALE,a8c77320-c708-11e9-8ffa-2fc9d873f8c4
"Helmershausen, Georg Caspar",MALE,deec810d-6268-40ae-9ce8-afd6a98942ca
"Käseberg, Friedrich August",MALE,51a33f3a-105c-413f-bc4b-3ebb8e017bfb
"Gugg, Hugo",MALE,a623af1c-4265-4bf8-a0b9-f804e3671ce6
"Breidbach zu Bürresheim, Karl Wilhelm Joseph Adam Freiherr von",MALE,a096c508-82fc-4cb8-830b-3f7256977df7
"Zöllner, Rudolph Christian Albert",MALE,2903f8cb-1fc0-4546-a8df-320abb4a499c
"Rantzau, Detlev von",,813a845a-7377-473c-a273-abc39bbd2a34
"Simon, Pierre",MALE,3a59623e-e513-4729-b5f0-b4143fdab4ef
"Scharten, Rudolf von",MALE,eb0d73c3-3fe9-449b-af8f-30aafdea467e
"Vögele, Michael I., Abt",MALE,ea49c16f-7240-4330-a3f4-733c11ac3181
"Müller, Daniel",MALE,6bf81f20-2055-4551-8068-5c273bc9d611
"Piening, Claus",MALE,b8283caf-fe4e-41a0-a6f3-3e0a7742f341
"Piening, Christine",FEMALE,9731ac15-30a6-4580-abb2-b989a7702de5
"Lotter, Hieronymus",MALE,fed60c7e-3d93-422b-b85d-471d84adeede
"Meer, Erhard van der",MALE,302bd11e-6ff5-4ac8-8b06-5658b3f4e225
"Cranach, Lucas der Jüngere",MALE,1002644a-6796-4095-bd4a-5df79f9cf656
"Anna, Sachsen, Kurfürstin",FEMALE,02776611-3f69-4545-a6bd-cfa50745454c
"Brockdorff, Joachim von",MALE,c1e33729-6e7d-4432-b820-b64d256946de
"Harresen, Jacob",MALE,0d4720ef-cdb4-4414-9bf0-e505855f965e
"Ehrenfried, Karl Gustav",MALE,c60039dc-f9ee-48db-b61e-c3046c2489e2
"Schlitz, Georg Otto Heinrich von, gen. Görtz",MALE,d4f740f2-edaf-4f6d-924b-e218fb1c24ef
"Buchwald, Augusta Maria von",FEMALE,0716f790-f46f-4d70-bf3f-68a4458001cb
"Lerchenfeld, Maximilian Emanuel Franz von",MALE,cd11d435-617d-4baa-ba29-be8f28844de4
"Özkan, Ayşe",FEMALE,a4ac6ed8-a756-4a30-b3ba-da4fe30bc88c
"Göbel, Johann",MALE,7afaf1f1-ae62-4f64-a8c3-843ab038f51f
"Wespien, Johann von",MALE,1337fbb5-2654-40a8-97ae-69539fdcc9dd
"Couven, Johann Joseph",MALE,dcef613f-7085-4a34-831e-3dd5f61a67ca
"Bollenrath, Johann Chrysanth",MALE,8c9c9479-2e02-4869-9803-6184f58c53cf
"Theydes, Christen Boh",MALE,38c442d9-d307-4b8e-82f9-42288c9c2cc3
"Hörde, Friedrich Ferdinand von",MALE,a0232a21-dd5b-47ea-9aa4-2d253e7d962d
"Fehre, Johann Michael",MALE,b13e5acc-bad2-4e6f-8ff2-b63a9792d05f
"Schirnitzer, Johann H.",MALE,db2bfc7b-0023-4dcb-a4e8-d613e14596d5
"Widemann, Joseph",MALE,0716a1a3-9334-4be1-a04c-95098dbf8f95
"Boye, August Friedrich",MALE,bbca380f-c1b0-42a2-a9d3-2ac59deda0a8
"Riesch, Isaak Wolfgang von",MALE,c5c669bf-29ec-4e5b-9537-aec56afc763a
"Riesch, Wolfgang Edler von",MALE,317e122a-7050-428e-acd2-ced806ba070e
"Brockdorff, Cai Lorenz von",MALE,b0b5ffde-170a-460d-9b94-d08c4548debb
"Rantzau zu Hanerau, Cay",MALE,786779e7-accd-4e8c-a0a8-c51e3a09e44c
"Brockdorff, Carl von",MALE,e0368100-5673-4693-beeb-3ab7935492f5
"Geyer, Wolfgang Albrecht",MALE,35921dd8-dfc9-4384-9ce1-0840ebd3fe3d
"Kress, Leonhard Wilhelm",MALE,99c3a276-d49c-42a8-b26c-3a2f7519c39d
"Christiana Maria, Hohenlohe-Langenburg, Gräfin",FEMALE,e02a8b56-fd37-426f-896b-71d28cd49b6f
"Eleonora Juliana, Hohenlohe-Langenburg, Gäfin",FEMALE,3e7b1c0b-6e11-44fe-bc0a-1347c84fccc2
"Philippine Henriette, Hohenlohe-Langenburg, Gräfin",FEMALE,c0934359-c3bb-4ed4-a771-1750af492c3e
"Eleonore Magdalene, Hohenlohe-Weikersheim, Gräfin",FEMALE,a965caef-8c71-433f-9d97-ba475591767c
"Ernestine Elisabeth , Hohenlohe-Langenburg, Gräfin",FEMALE,551fbde4-c468-4b9f-8c4b-6d9f8983f66a
"Karl I., Braunschweig-Lüneburg, Herzog",MALE,5b788d12-a187-4509-aad3-d62d7bf7253b
"Richter, Johann Moritz",MALE,3f16bc30-c80f-11e9-8a8f-6315b3a88f02
"Peller, Martin",MALE,b3c97f67-3a62-4a52-8614-8286fe48dc3c
"Carl, Peter",MALE,e9d2dca4-f433-4971-bfec-d6526bdcdc31
"Wolff, Jakob d. Ä.",MALE,4b67b41b-906a-420b-bf03-769718f8e8e4
"Werner, Hans",MALE,56d0202b-18e7-426e-978e-f86a9f4e758a
"Gärtner, Georg d. J.",MALE,a6ef7a09-67af-4f28-aaa3-9c54b16e95ab
"Bayr, Lorenz",MALE,b19d4dbd-e137-4472-90b1-bce910ab4b15
"Scheffer, Lucas",MALE,26585b00-67d3-4936-8b19-43b0b5642dfb
"Nordheimer, Philipp d. J.",MALE,14c04425-903b-45f2-ae5f-27be1436169a
"Reusner, Nicolas",MALE,825b63d2-4dc9-4971-826b-a8b1d62674b0
"Scheffer, Sebald",MALE,e722124d-c204-442e-8925-61bdd8330541
"Heermann, Georg",MALE,037fe1fb-bbe9-42fe-83be-9f7df5e9add8
"Merebillia, Giacomo Botta de",MALE,ca199bbc-5e8a-4b77-8e12-74e189fec1af
"Göttler, Martin",MALE,a762d222-5cdd-4980-aec3-7560d5e1738b
"Karcher, Johann Friedrich",MALE,92a51707-93d7-43e3-a2da-84a488c4689e
"Eckhardt, Ezechiel",MALE,ff535895-9f77-461e-bb9b-3e2b4702bbd1
"Wiebel, Centurio",MALE,7c1ade55-1322-4116-9936-89816a185cd3
"Sibylla Elisabeth, Sachsen, Kurfürstin",FEMALE,a07593b6-e128-4985-a534-1e9fb3981d37
"Eckhout, Albert",MALE,aa64cb9b-9c72-4151-be7d-507ddf8a4892
"Donop, Levin Moritz von",MALE,82f09c21-83b6-42b1-8c0b-4e54403cacdd
"Pictorius, Peter, der Jüngere",MALE,f7b69ad6-9a51-43b0-8270-a12a354b8953
"Donop, Carl Heinrich Casimir Moritz von",MALE,7e5dc248-a6cb-4980-967b-105e21c3d3f9
"Sayn zu Wittgenstein, Johann von",,e4ce7cde-687f-4994-9a3f-16c15239a113
"Tornielli, Giovanni Battista",MALE,30937ab0-c583-11e9-9a28-879a4ed5a2e2
"Anna, Braunschweig-Lüneburg, Herzogin",FEMALE,c5535df0-c588-11e9-9a28-879a4ed5a2e2
"Brüstungsmeister, Werkstatt des Marten de Vos",MALE,8c106900-c5bc-11e9-b6fd-d99e1ba53a95
"Oesterey, Carl",MALE,1ad4c420-c5fd-11e9-a97f-1d9542ed7a37
"Henriette Amalie, Reuß zu Obergreiz, Gräfin",FEMALE,5bb04925-99c9-4e8f-9a66-f56dd819610f
"Heinrich lI., Reuß-Obergreiz, Graf",MALE,2ac9d8f6-a885-404b-b309-9d95ebe1deba
"Brendel, Johann Gottlieb",MALE,b1800d3e-0c00-4fa5-84eb-7aec995a15ba
"Denzel, Victorian",MALE,a6fb38d0-1020-41fd-85bb-6ef2885c7b0e
"Liliencron, Andreas Pauli von, Reichfreiherr",,39b58cfa-17dc-4678-8938-d26e741d6df0
"Liliencron, Paul Albert Balthasar von",,215e65ec-1e00-4fec-aa90-914144f6bd11
"Könitz, Peter von",MALE,2111d8d0-9088-41ea-a59b-2ce04c07b5ea
"Fraunhofen, Adam Lorenz Wolfgang von",MALE,12922666-ece0-4f26-a5d5-0ee8a192da62
"Härdl, Johann Christoph",MALE,714cb59b-96ac-4e19-97cb-ff59f1167914
"Scheck, Jobst",MALE,a6aba592-c30f-4488-8a67-bf9867c973fd
"Lüders, Friedrich, Maurermeister",MALE,bef6eca7-5aff-4515-926a-a4f0006d48f5
"Basse, Peter",MALE,8b75131e-8569-4a7d-a1db-db8277700e2b
"Werner-Clementschitsch, Heide",FEMALE,90c5da83-723d-4b6c-8a2a-c449424e6797
"Feichtmayr, Johann Michael",MALE,460f3ede-6426-47d4-9b45-b31a62c66850
"Rasso, von Grafrath, Graf",MALE,639be09f-e268-4657-af79-85243b0a92eb
"Sonntag, Renatus, Probst",MALE,faeb6ef5-c057-41f7-976e-8fb412eaffd2
"Karg, Herkulan, Probst",MALE,a3499f3c-69e2-4e3d-9b24-3b4275662726
"Thumb, Michael",MALE,cc10d116-7969-469d-9bbf-20a3070cfa6d
"Castelli, Eugenio",MALE,c1931450-7f1b-4f4e-b8de-70a227b7c185
"Coulon, Jean",MALE,22b4ad97-8317-4c4e-bea7-61e8a2045229
"Herz, Timotheus",MALE,1f7ccd19-7eaf-4c32-b018-0502ed6587a7
"Schifter, Johann Gottfried",MALE,b13b1161-7588-46e3-a470-f93bcb181c98
"Gromann, Nikolaus",MALE,30023ed6-e2e3-4ef9-af19-77e4f4f79c7b
"Rantzau, Betram von",MALE,ae60402b-cbdf-48fe-a14a-3f9846d9149a
"Kielmanseck, Friedrich Christian von",MALE,96cf4c49-ca6b-46bf-98ff-47396b511728
"Hütter, Johann",MALE,a6386cdf-006b-4ca8-afef-454fda3c78a0
"Heidelof, Carl",MALE,9e1bf175-58e3-479c-a7ac-c2cb682d4b44
"Lengefeld, Christian August von",MALE,ec0c7f9c-ff4b-4fef-8c20-8265f32306f9
"Hengge, Meinrad",MALE,02281cbd-65de-4dbc-9623-914df2bc0232
"Broich, Anna von",FEMALE,66b1a94e-2343-45c0-8320-07b6791f7249
"Plettenberg, Joseph Clemens von",MALE,be588030-cb0f-4cea-b887-4a78aa5592eb
"Rölcke, Peer",MALE,e490a0dd-a53c-4015-8ce4-680c986dc38d
"Mauro, Girolamo",MALE,0e61e41d-4da7-48fd-bc79-fd94c3da7a79
"Dorsch, Franz Ignaz",MALE,fe119982-346b-4762-b6b8-5c10536b8e6e
"Schleunig, Johann Georg",MALE,c004a198-37d3-4bb7-999f-4a978679994a
Christine Sophie von Braunschweig-Wolfenbüttel,FEMALE,586e730b-9239-49b5-a498-8bae550a8829
"Ovekate (Overkotte), Henrich",,de73b433-c2c9-45c1-81d3-b865e1deffe9
"Harborg, Johann Peter",MALE,4e3bf32a-7491-4d22-9279-44247ba0b99c
"Quensen, A. (aus Braunschweig)",,673ef984-12f0-4e70-ab26-147d85d33fe5
"Magens, Peter I.",MALE,df310f3f-90cd-4580-a70a-9ad8fdfca198
"Kämmerer, Johann Peter, Burgebrach, Amtsvogt",MALE,eccef1f4-2929-4480-a2bf-5260c992139a
"Wetzhausen, David Truchseß von",MALE,ce727c33-eadc-4d35-8a89-50fd84472c7f
"Wetzhausen-Bundorf, Johanna Wilhelmina Rosina Truchseß, geb. von Schaumberg",FEMALE,a5258b6c-9953-4eeb-891d-c55350479bab
"Wetzhausen, Sabina Truchseß von, geb. von Bibra",FEMALE,3ca5aef5-aaca-43ac-b937-7ec6a431608b
"Wetzhausen-Bundorf, Ferdinand Dietrich Truchseß",MALE,30a75ea1-d430-467e-a0ed-7ff25612f095
"Bouschak, Paul",MALE,f1649ada-8399-4d33-955e-4163f04ec337
"Lotter, Matthias",MALE,b43eb509-844d-4af9-bf8f-371111c3b203
"Harter, Franz Xaver",MALE,1898c09a-c98a-427c-8184-c36a2ea70d2c
"Hazy, Johann Adam",MALE,0f408c69-8f70-43c4-aa5f-995d1a7192b2
"Lorichs, Melchior",MALE,4cc1fc68-c95a-4124-8b92-ddcab3abe57f
"Paerna, Giovanni Hieronimo",MALE,8a45e461-ceb0-4027-b3e7-34ee66c710a3
"Tütleb, Jeremias",MALE,95cfb48e-2245-4c7e-879e-66ce478e48af
"Schaffer, Simon Cyril",MALE,da82e1fd-b79f-46d8-9fd5-9fbcc64a4d1b
"Schwarz, Emanuel Jacob",MALE,ec1e6541-3a8d-40f4-9086-0441cc0a6601
"Liebert, Katharina Barbara, Edle von Liebenhofen",FEMALE,d0c18394-1c74-4684-9784-97fbeb014238
"Schaezler, Dietrich von",MALE,cb1d11a0-b320-400f-9fe3-a17a3948a75d
"Schaezler, Lorenz von",MALE,614671f1-a813-4a28-878a-ccee42a2f218
"Schaezler, Dietlinde Anna von",FEMALE,1dfbe5b9-750a-4654-a5b0-1419977833fa
"Schaezler, Marianna Barbara von",FEMALE,13c729a4-c7a5-40cf-899c-79b7a1ed1dfc
"Stetten, David von",MALE,5b7b5128-814c-42fe-ada6-85b6ae91688f
"Meyer, Christian",MALE,f64c7148-b35c-480d-b464-941360deebdf
"Groß, Johann Michael",MALE,ded1da13-499a-4e38-ae63-6a208849ef4b
"Riedelsberger, Christian",MALE,e74373bf-3918-4dc9-8057-e2a09151bbc0
"Stumpe, Johann Gottfried",MALE,25ee6e52-f5db-4164-adba-ad1980dbb95a
"Dänewald, Artur",MALE,517527a5-93f0-49ee-9bc9-f277c42bf68f
"Cordorata, Domichino",MALE,f7eee33c-81e6-4645-a2e5-1c7f49e343f3
"Schacht, Paul",MALE,bf690697-1c23-4d9e-9091-554727243194
"Sinkel, Kristin",FEMALE,bbc524ac-df2f-4713-a965-f6ad8e968598
"Dehn, Friedrich Ludwig von",MALE,e7e576c9-377b-4a58-8dba-6f2c7950fc66
"Simon, John",MALE,e41245ce-8c70-4137-9ab0-8e9d3d47b01f
"Larmessin, Nicolas de",MALE,13d54e4a-f325-479b-b95f-690c419a7009
"Isselburg, Peter",MALE,6f81bcf9-0a7b-423d-a097-c40d09acb0e5
"Cats, Jacob",MALE,2beaf358-f0ac-4ec9-a080-32e05d780387
"Zincgref, Julius Wilhelm",MALE,d98232a0-024a-42bb-acf2-89902ea70343
"Bouhours, Dominique",MALE,92241fb8-abec-4de6-bfc4-c336fe2ff399
"Camilli, Camillo",MALE,8624adc5-b13f-4562-9b53-409246ba2092
"Heinsius, Daniel",MALE,eb159bfc-7279-4e3b-9f05-3fda9dee0867
"Bry, Johann Theodor de",MALE,77831124-daf6-4412-a926-86e6f2e7b2ee
"Brune, Johan de",MALE,87996d74-9f63-49bb-bce1-42ab7fbad779
"Typotius, Jacobus",MALE,25ac97c5-8260-48bf-bc68-176350626920
"Flamen, Albert",MALE,31f4ed69-2141-4208-8d07-0ab65cf4a0aa
"Lebey de Batilly, Denis",MALE,0f40ddae-47f9-4be1-817c-e65627f48d4d
"Harsdörffer, Georg Philipp",MALE,faaa0b6d-09f2-46c0-8bb7-5a86cbbb7fc0
"Pietrasanta, Silvestro",MALE,6b2a1fc0-5bb7-4a28-9537-a35446a5a2b9
"Bornitz, Jakob",MALE,7da8c770-1e14-44c7-bde1-fb120926e004
"Engelgrave, Henricus",MALE,3cbafd1d-5b7a-4dbd-b2dc-6fc7672c64e4
"Schoonhoven, Florent",MALE,4c1c6556-91be-45f8-b6b5-364b5bbe46de
"Junius, Hadrianus",MALE,65f919dc-ca1d-47c2-9a91-157b4a773260
"Bargagli, Scipione",MALE,609c6edc-b95c-4be6-9c42-740e5f35917c
"Mannich, Johann",MALE,274b2fff-5e5f-481a-9cfc-cdf216af25c5
"Thienen, Eleonore von",FEMALE,295427e3-45b1-4654-a7dc-342bd05ab5ea
"Bussche-Ippenburg, Anna Luise von dem",FEMALE,058605db-afa4-4b05-a307-234c88841741
"Kupecký, Johann",MALE,ecadc442-e535-43d8-b92d-0816130c30d1
"Schultze, Otto Christoph",MALE,d88a5035-a88d-42c7-8951-f66bca077eef
"Gotter, Gustav Adolf von",MALE,76077b77-877b-4988-b303-1db0cca01fae
"Weingart, Peter",MALE,c7a563a6-5b14-4d52-b555-7e629952f4bf
"Beck, Anton August",MALE,28a14e2f-50c7-4317-9512-3c74dbfb7141
"Brand, Konrad",MALE,7cf548c6-a25d-4c54-9244-f9afce4fb0a5
"Züberlin, Jakob",MALE,f2a7e57b-2681-4de1-8354-6af44261cbbe
"Stimmer, Tobias",MALE,ea247ff9-a79f-4c6b-822d-ea5ac7978986
"Meerheimb, Hans Wilhelm von",MALE,b8976511-d6b8-4e6c-a9ab-b4ffd907e585
"Heintze, Christian",,80a47e29-9102-4b56-9644-abf30fc241c6
"Reinthaler, Karl Christlieb",,05a0aaaa-4c0d-4d20-907f-86fd9428abde
"Junghans, Christoph",,61e5f1d8-7fc2-488f-a91b-0e7b1bb5f373
"Schellschläger, Peter Caspar",,60c0998a-4a53-4d99-b02f-460e34776a8b
"Witt, Marten",MALE,a3a20193-5c16-448b-bf06-50f61d34c044
"Witt, Gesche",FEMALE,0dab6e99-3067-437f-8c8a-d42d18271948
"Schönlebe, Jonas",MALE,01316eaf-76fe-4ea3-8bb4-f016ff89a864
"Schenk, Wilhelm, von Winterstetten",MALE,36cfc683-b597-4806-8495-15b231d7ca6a
"Hohenlohe-Bartenstein, Maria Felicitas, Gräfin",FEMALE,53cbf998-d7d5-43cd-b21f-c0dcb0b8d4ce
"Probst, Johann Michael",MALE,33d1a336-2007-47fc-b56e-ae292f2e6561
"Bünau, Heinrich von",MALE,edda5412-0dc5-40f7-99f8-e1e704b89d3e
"Maria Franziska Katharina, Sickingen zu Hohenburg, von, geb. Kämmerer von Worms",FEMALE,3edf16b6-c74e-4c26-ba52-6ff7056ff96e
"Maria Anna Sophia, Sickingen zu Hohenburg, von, geb. von Greiffenclau",FEMALE,3e9ba9d7-41ae-4ec2-b919-8b5fae2a5b17
"Ferdinand Sebastian, Sickingen zu Hohenburg, von",MALE,1ac81972-76ed-46d3-a5d2-8f869cf86715
"Schratt, Simon",MALE,8d1c8a8b-f956-4f39-aad4-0a746e5010d6
"Friesen, Karl von, Freiherr",MALE,2513e943-14ad-4aaa-8192-596a45f9a496
"Günther, Hans",MALE,ae3061ff-c74f-49f5-b69d-8b739694085a
"Bodenstein, Christian",MALE,0ea85a94-176f-4fae-8bd8-825cc85221d9
"Holzmann, Julia",,94cc8c0e-28d8-48e1-8e3b-52f38540462e
"Paler, Wolfgang",MALE,cb0779d0-8f23-4ba2-9061-d8225ef64940
"Selfinger, Sebastian",MALE,e171901d-a2fd-4f4f-8659-109ed7deede9
"Memwarth, Johann Konrad Emmanuel",MALE,a0638b0d-45f5-4d1a-bcce-7871b62c6b97
"Freyhardt, Wolfgang Christian",MALE,24696bfd-aa4a-4eaa-b09c-85676506b15c
Heinrich von Weilnau,MALE,6d95f8da-0bb2-47c6-ac4a-0c5c2382a652
"von Walderdorff, Adalbert II., Fulda, Bischof",MALE,51144fe5-d26a-489a-aab8-9a3d07cdafca
"Herrlein, Johann Andreas",MALE,3d96e608-0720-469d-8b4d-21f4dcbb481f
Johann Friedrich Humbach,MALE,1f7d5889-8873-44c4-87eb-ba7c65246776
"Truchsess Heinrich von, Höfflingen-Harthausen",MALE,8a8a8415-8f3c-4cbe-8f14-e710925fe6c1
"Riedheim, Johann Alexander von, Freiherr",MALE,80592320-c57d-11e9-a249-1d82ad4f6e4d
"Grana, Dosso",MALE,d3cf6cc5-9048-4fa0-b2ec-fc3fe7bac6eb
"Rosso, Pietro",MALE,1bbd6f83-0155-49b7-94b6-9657b8d06ffb
"Bosio, Giovanni Antonio",MALE,de63e6d5-7ac4-401d-a205-edc9918ee8d5
Auguste Sophie von Pfalz-Sulzbach (1624–1682),FEMALE,c7681a84-d9b0-4512-8c56-60d1a382bcc8
"Gambs, Benedikt, der Ältere",MALE,1180d0b1-7333-478f-b8b1-174262255bd3
"Weid, Johann",MALE,f7d3e4cd-d627-4583-b9ea-24a7426da9ab
"Sonnemann, Friedrich",MALE,7d1bc2d6-6678-47c2-a3ea-8d8a4def3c7b
"Adamo, Jakob",MALE,03128e72-c949-4114-8d2f-48459c9005dc
"Wilckens, Anton",MALE,e9471f9a-d8db-4e18-b49d-a377025f980b
"Krieger, Johann Michael",MALE,002be860-ea3a-4e97-97c8-034c5f0dfe20
"Lurago, Giovanni Martino",MALE,ce003def-92a2-444f-bdab-202a03870f97
Lukas Kern (1681–1749),MALE,a6553491-6bce-4f59-acb9-465b06a23343
"Kern, Anna Theresa, geb. Schwarz",FEMALE,364b8222-7fde-4d36-8515-9c561505f348
"Schneitmann, Johann Michael",MALE,920f4786-4943-493b-8352-c999c6722859
"Martens, Nicolay",MALE,bf3ab842-64da-4c8d-8180-8cc3910a54fc
"Seinsheim, Friedrich Ludwig von",MALE,b5494d00-c57b-11e9-a249-1d82ad4f6e4d
"Grien, Tobias",MALE,320b9460-c7f7-11e9-b70b-d3ef6d0103b8
"Sailler, Johann Thomas",MALE,09595610-c7f7-11e9-b70b-d3ef6d0103b8
"Thienen, Wulf Hinrich von",MALE,222bc0d3-c577-49bb-9e8a-ba03fc24495d
"Thienen, Detlev von",MALE,1cff8fc8-80e0-4a0f-9222-0aea02e5bfb3
"Bellasio, Giovanni Pietro",MALE,16badbe4-ba94-4a8d-851f-68ce0f5f4297
"Hausen, Quirin Gottfried von, Dekan",MALE,ff66db23-ef3e-4be3-a475-d85d9d7a6639
"Schwarzach, Rupert Franz Xaver Friedrich, Freiherr, Dekan",MALE,73cd44b1-6c86-49f3-b6e0-63c0f7f1bed2
"Schönborn, Franz Georg, Graf, Fürstpropst",MALE,5df48cad-27a8-4405-8925-1370b162fc4e
"Wiedemann, Johann Edmund",MALE,7fb50cae-d3ec-4890-aa6d-ac202b4b0166
"Bockum-Dolffs, Johann Franz",MALE,9187638a-199d-4575-85ac-5d7b150e1bc1
"Bockum-Dolffs, Franz",,2ac27db3-69b0-4179-8804-c9e28bc7f60b
"Johannsen (toe Boecop), Arnt",,a0bbe5e3-ef1f-4ee5-9d7d-aabafc8079ba
"Cour, Joist de la",,cdb9e87f-d714-4478-af40-a19c63b30b73
"Boy, Christoph",MALE,35aa5f12-031d-4154-b0c6-1a67db26fd80
"Honthorst, Willem van",MALE,20cee8a4-86c9-4d3c-9437-e0d7f7d93a7e
"Johann Georg, Brandenburg, Kurfürst",MALE,4836c209-aebe-4bb7-bfb0-a2cebbd48f1c
"Wachter, Johann Georg",MALE,e4288021-d679-4ff0-a6dc-a1fb50138c5d
"Schlör, Sem",MALE,3ddfc054-265b-42de-b1d5-8db525f4fc55
"Ludwig, Württemberg, Herzog",MALE,5dba11a1-be37-4631-a000-e56c6eea5aa0
"Beer, Georg",MALE,0a8a3891-a21e-485f-9be5-ca58a7ca48cb
"Herneisen, Andreas",MALE,d2d4970f-77bc-484c-bf23-cb53cf17f242
"Steiner, Hans",MALE,58a71aec-b3b8-4647-9f97-3e5ede853f66
"Gadner, Georg",MALE,6d78b29f-7105-4b5d-8dc6-8a27c5b69fb2
"Pietroli, Giovanni Pietro",MALE,d9d0efc6-18ec-41e3-ae26-5f25b39e77d4
"Grävenitz, Wilhelmina von",FEMALE,4f09db22-0a83-4c4d-a65b-6eef0ff48ab3
"Soldati, Tommaso",MALE,902ac2f2-40b7-40c2-8110-1ce1f9c25287
"Baroffio, Giuseppe",MALE,ad7b5c78-8ded-4c41-b68b-e9714100e173
"Braun, Josef",MALE,12387339-aca1-4fb2-8af3-94c18a039e14
"Brilli, Giovanni Pietro",MALE,c5c1920b-81ad-4af3-a089-ddc4828b4d0a
"Johanna Elisabeth, Württemberg, Herzogin",FEMALE,b63fa9ae-4684-4e63-a3ac-7a4db358f391
"Pöckhel, Joseph Maximilian",MALE,2119ceff-2cfb-4494-a52a-bedf22999999
"Sauer, Christian",MALE,e2270506-cbcc-4cde-b3f7-29dbafbe42d1
"Fressancourt, Michel",MALE,3b2af9d4-396d-4888-afb2-82781f4f5c48
"Friedrich Ludwig, Württemberg, Erbprinz",MALE,434f7891-4b4b-46b5-a509-7d1ceef79aad
"Henriette Marie, Brandenburg-Schwedt, Prinzessin",FEMALE,befa0c23-1bb4-463d-900d-9045de5b0422
"Pessina, Johann Ignaz",MALE,e4d12f2d-d6b9-4823-9a91-684c39513471
"Sänger, Johann Jakob",MALE,b50ab921-2b4e-415b-a4cd-47dab335ea86
"Daser, Simon",MALE,724cbce9-87cd-417b-a243-d7b54b92f757
"Deutschmann, Joseph",MALE,9e2f4b67-9c71-44bf-9d06-05048872f19e
"Della Croce, Johann Nepomuk",MALE,5ac135d4-f81a-4a6b-adfe-16d944ba910e
"Goder, Johann Nepomuk von",MALE,b27cafcd-1fc7-4c5e-a945-e3faaf58a87c
"Schönau-Zell, Maria Catharina Barbara",FEMALE,7f895b4a-04ae-4a8c-86e6-e8d337b2607e
"Schönau-Oeschgen, Johann Franz Josef Otto, Freiherr",MALE,687ce767-3237-455e-a41a-2d508ebf9b94
"Heespen (auf Deutsch Nienhof), Christian Friedrich von",MALE,f635274c-bb25-428a-a3ed-86e1376a34e3
"Salm, Niklas von",MALE,d6188419-072a-49dd-b8c8-7e0bf53eabda
"Hamilton, Johann Jakob von",MALE,92a379b9-3752-4cb8-91f3-2e1d9bf94d2d
"Säntz, Johann Gordian",MALE,82a37dbb-0c33-400a-84e7-d5520413cf03
"Wolff, Jakob d. J.",MALE,eb216e7d-0cb4-457c-9e12-590b0043f572
"Kaut, Valentin",MALE,79e8b89b-ead9-474a-816a-df0053e0a1aa
"Juvenel, Paul d. Ä.",MALE,95a701ef-1ae5-4352-9480-402b0dde97a5
"Weyer, Gabriel",MALE,80df712b-dd50-4750-bc97-9791224fe6ea
"Schweigger, Emanuel",MALE,3dc463d5-7fa6-459a-8cd0-a78ce9648fb1
"Beheim, Hans Wilhelm",MALE,2fcfb806-ea5f-4da5-b85e-a70a5371245b
"Vest, Gregor",MALE,f4adba03-18a2-47d5-b83f-34c1578ddba0
"Johann, Gemmingen, Fürstbischof",MALE,7d607540-c4bc-11e9-a787-75de7068cfba
"Schauburg, Peter von, Kardinal",MALE,097d584a-7de1-4c5e-8437-a65aae96b86a
"Bose, Hans Carl von",MALE,c708af8d-a9ba-486f-b007-483ee28a6c6c
"Bose, Carl Gottlob von",MALE,97554db2-059d-449f-9ea0-9b0dd48aa54f
"Vitzthum von Eckstädt, Georg II.",MALE,16ab78da-27d6-47bd-84c9-eb81af7ed3f5
"Vaihinger, Johannes",MALE,b66a92f7-671a-4ea0-89ac-9939cadfa0ed
Johann David Vaihinger,MALE,a24b468f-0f78-4265-87a3-7966a39483f6
"Kühl, Gottfried",MALE,84b7f12e-6e0b-4618-aab5-dc0e7e0799d2
"Röhl, Burckhardt",MALE,05d5a873-309e-47ff-9c95-1d84800350c9
"Thielemann, Johann Michael",MALE,93191968-588c-4afc-87f6-dd3e08806864
"Wentzing, Heinrich Richard",MALE,4f93a816-1b24-482b-9016-27e599d4ee06
"Richter, Johann Wilhelm",MALE,15ee82e2-2536-465e-a480-e6968a040224
"Abel, Hans III.",MALE,0ee1ff1d-55cf-4da7-9a56-c861a469701b
"Anton Heinrich, Schwarzburg-Sondershausen, Graf",MALE,dc4bf829-27b9-4f5a-9644-a3c8de7fd094
"Heinrich, Schwarzburg-Sondershausen, Fürst",MALE,da41ed7f-983f-4601-8880-63d0b727eb45
"Günther XL., Schwarzburg, Graf",MALE,c79f2b9d-2573-4720-9479-e8b3de87c540
"Christian Wilhelm, Schwarzburg-Sondershausen, Graf",MALE,9850664b-00dd-444d-85a2-dbd4392fc16b
"Ludwig, Johann Nicol",MALE,f9540f9f-6baf-40f6-904a-a43aab8438b1
"Breith, Johann Heinrich",MALE,f20beb98-9fb3-45e3-a90a-3e65583df0dc
"Speiser, Bernhard",MALE,c269ddf3-8e96-4733-ad39-faa545ca8280
"Heine, Valentin Ernst",MALE,8f1aed6d-941b-4650-8222-9bd74981e86c
"Beringer, Wilhelm",MALE,539a83df-baa2-4668-b433-fcbb2e739863
"Scheppig, Carl",MALE,3e51e64d-fc8a-46f1-afc1-879996fd1bc3
"Günther Friedrich Karl II., Schwarzburg-Sondershausen, Fürst",MALE,b11701bf-63d0-4348-8294-b609f9d8edda
Karstedt,MALE,ad5ebb87-f37e-4494-8d49-0a7f0666cd26
"Benserade, Isaac de",MALE,301b2284-a7e5-4341-909d-dab9461f8b53
"Chauveau, François",MALE,2faa51d9-cedd-460f-ac86-8050f97af5c7
"Aquila, Pietro",MALE,20213441-d219-4960-8c4b-4e24beae82b6
"Lubecke, Johann Wilhelm",MALE,8f851a67-439d-42a0-a412-68b838503848
"Zimmermann, Johann Friedrich",MALE,7915e10d-93ae-4ce0-9863-35205251efd9
"Zimmermann, Carl Wilhelm Samuel",MALE,2675d05e-b6c6-44f0-aca2-8221ad095e8a
"Meil, Johann Ludwig",MALE,2080ac6d-0194-47bf-a4d7-8158a9779cc4
"Klemm, Johann Christoph",MALE,bc282b49-3ec7-4fe4-a8c3-a739be45035f
"Battus, Theodor",MALE,f41c8648-8734-4f90-87e9-4810c69b92df
"Pyl, Gottfried",MALE,fd89ffb5-eff4-4655-8901-a66136316064
Paul Klotz,MALE,c99495fe-638b-498d-99cb-fe7d2bbd274e
"Eckhardt, Johann Albrecht",MALE,209b69a5-f6f0-47b7-a48f-f86674a7e402
"Rossi, Lorenzo",MALE,46f0f418-bc31-41a8-a743-fd5db44f386f
"Vecellio, Tiziano",MALE,f5bd972f-7bc7-4e99-8a02-186486598814
"Galli, Domenico",MALE,bc800d19-3e62-4af9-8196-af96601971ae
"Materno, Giovanni",MALE,2edc1a2c-a21a-4e42-8df6-138392c9b2ee
"Trenello, Antonio",MALE,2a567421-2521-4fb5-ac05-94435f49af78
"Lanciani, Polidoro da",MALE,59baa38b-cfc9-42ca-a043-8d2acfa1c8f5
"Cattaneo, Stefano",MALE,4f7bca8e-1bec-45ca-8acc-9755c09348c8
"Fink, Johann",MALE,21ce84e5-ad88-47f7-a326-5959a6ef5eff
"Petersen de Hahn, Lorens",MALE,0e54686f-0147-4c69-a5cc-ef2bb6367962
"Burnat, Peter Ludwig",MALE,aaeaa653-9148-45f7-ac11-80476127f396
"Brenni, Giovanni Battista",MALE,2d638a58-7631-4ef3-bfb6-82b2edf8d450
St. Karl Borromäus,MALE,322f37d5-408d-4a6e-b791-97dbeb87982f
"Staudt, Matthias",MALE,7ae2c33b-8590-4ab1-8857-6bf784a6bd87
"Frieß, Kaspar",MALE,f060dbb5-7010-4eb9-af4f-f3c21a2803b9
"Gosée, Philipp",,f81034f1-dce6-4ef4-af4b-dd33a0e663ec
"Henrici, Christoph Ludwig",MALE,bbe0a0ba-cedd-41cf-9beb-2efc59a79623
"Hauptmann, Claudia",FEMALE,63ad8c37-80a3-488b-b475-1f782ca25d95
"Erdmannsdorff, Wolf Dietrich von",MALE,e3536f10-6e29-49fa-add5-15573272fa1d
"Marschalk von Ostheim, Christoph",MALE,3fffd660-2fdc-40e1-bac9-e20eee72c33a
"Greiner, Anton",MALE,aaed6701-1877-4f15-9f76-1a25725808be
